
Note: No compatibility mode selected!


Circuit: * tb_chip_i2c_batch14_v10.spice -- auto-generated by

Warning: Model issue on line 4 :
  .model dn d tnom=27 is=1.0e-17 rs=47.59 cj=2.76e-17 cjsw=1.17e-17 imax=1 ...
unrecognized parameter (imax) - ignored
unrecognized parameter (imelt) - ignored


Checking parameters for BSIM 3.3 model mne_mst
Warning: Pd = 0 is less than W.
Warning: Ps = 0 is less than W.

Checking parameters for BSIM 3.3 model mne_mst
Warning: Pd = 0 is less than W.
Warning: Ps = 0 is less than W.

Checking parameters for BSIM 3.3 model mne_mst
Warning: Pd = 0 is less than W.
Warning: Ps = 0 is less than W.
Doing analysis at TEMP = 27.000000 and TNOM = 27.000000

Using SPARSE 1.3 as Direct Linear Solver

Initial Transient Solution
--------------------------

Node                                   Voltage
----                                   -------
vdd                                          5
vss                                          0
p15                                          0
p7                                           5
p9                                 2.00283e-08
p10                                2.00283e-08
p4                                           0
p12                                          0
p14                                          5
p5                                           5
p6                                           5
p3                                           5
p11                                          0
p13                                          0
p1                                           5
sda_ctrl                                     0
p2                                      4.9505
xdut.x1.x1.pg                                5
xdut.x1.x1.ng                      1.39324e-08
xdut.x1.x1.pgg                     7.94869e-09
xdut.x1.x1.ngg                               5
xdut.x1.x1.net2                        4.96989
xdut.x1.x1.net1                              5
xdut.x1.x1.enb                     1.43584e-08
xdut.x1.x1.net3                    6.26479e-09
xdut.nc_out1                                 0
xdut.x1.x4.pg                                5
xdut.x1.x4.ng                      1.39324e-08
xdut.x1.x4.pgg                     7.94869e-09
xdut.x1.x4.ngg                               5
xdut.nc_hiz2                                 5
xdut.x1.x4.net2                        4.96989
xdut.x1.x4.net1                              5
xdut.x1.x4.enb                     1.43584e-08
xdut.x1.x4.net3                    6.26479e-09
xdut.x1.x5.pg                                5
xdut.x1.x5.ng                      1.39324e-08
xdut.x1.x5.pgg                     7.94869e-09
xdut.x1.x5.ngg                               5
xdut.x1.x5.net2                        4.96989
xdut.x1.x5.net1                              5
xdut.x1.x5.enb                     1.43584e-08
xdut.x1.x5.net3                    6.26479e-09
xdut.nc_out3                       2.08524e-08
xdut.x1.x6.pg                                5
xdut.x1.x6.ng                      1.39324e-08
xdut.x1.x6.pgg                     7.94869e-09
xdut.x1.x6.ngg                               5
xdut.x1.x6.net2                        4.96989
xdut.x1.x6.net1                              5
xdut.x1.x6.enb                     1.43584e-08
xdut.x1.x6.net3                    6.26479e-09
xdut.nc_out4                       2.08524e-08
xdut.x1.x7.pg                                5
xdut.x1.x7.ng                      1.39324e-08
xdut.x1.x7.pgg                     7.94869e-09
xdut.x1.x7.ngg                               5
xdut.x1.x7.net2                        4.96989
xdut.x1.x7.net1                              5
xdut.x1.x7.enb                     1.43584e-08
xdut.x1.x7.net3                    6.26479e-09
xdut.nc_out5                       2.08524e-08
xdut.x1.x8.pg                                5
xdut.x1.x8.ng                      1.39324e-08
xdut.x1.x8.pgg                     7.94869e-09
xdut.x1.x8.ngg                               5
xdut.x1.x8.net2                        4.96989
xdut.x1.x8.net1                              5
xdut.x1.x8.enb                     1.43584e-08
xdut.x1.x8.net3                    6.26479e-09
xdut.nc_out6                       2.08524e-08
xdut.x1.x9.pg                                5
xdut.x1.x9.ng                      1.39324e-08
xdut.x1.x9.pgg                     7.94869e-09
xdut.x1.x9.ngg                               5
xdut.x1.x9.net2                        4.96989
xdut.x1.x9.net1                              5
xdut.x1.x9.enb                     1.43584e-08
xdut.x1.x9.net3                    6.26479e-09
xdut.nc_out7                                 0
xdut.x1.x10.pg                               5
xdut.x1.x10.ng                     1.39324e-08
xdut.x1.x10.pgg                    7.94869e-09
xdut.x1.x10.ngg                              5
xdut.x1.x10.net2                       4.96989
xdut.x1.x10.net1                             5
xdut.x1.x10.enb                    1.43584e-08
xdut.x1.x10.net3                   6.26479e-09
xdut.nc_out15                                0
xdut.x1.x11.pg                               5
xdut.x1.x11.ng                     1.39324e-08
xdut.x1.x11.pgg                    7.94869e-09
xdut.x1.x11.ngg                              5
xdut.x1.x11.net2                       4.96989
xdut.x1.x11.net1                             5
xdut.x1.x11.enb                    1.43584e-08
xdut.x1.x11.net3                   6.26479e-09
xdut.nc_out14                      2.08524e-08
xdut.x1.x12.pg                               5
xdut.x1.x12.ng                     1.39324e-08
xdut.x1.x12.pgg                    7.94869e-09
xdut.x1.x12.ngg                              5
xdut.x1.x12.net2                       4.96989
xdut.x1.x12.net1                             5
xdut.x1.x12.enb                    1.43584e-08
xdut.x1.x12.net3                   6.26479e-09
xdut.nc_out13                      2.08524e-08
xdut.x1.x13.pg                               5
xdut.x1.x13.ng                     1.39324e-08
xdut.x1.x13.pgg                    7.94869e-09
xdut.x1.x13.ngg                              5
xdut.x1.x13.net2                       4.96989
xdut.x1.x13.net1                             5
xdut.x1.x13.enb                    1.43584e-08
xdut.x1.x13.net3                   6.26479e-09
xdut.nc_out12                      2.08524e-08
xdut.x1.x14.pg                               5
xdut.x1.x14.ng                     1.39324e-08
xdut.x1.x14.pgg                    7.94869e-09
xdut.x1.x14.ngg                              5
xdut.x1.x14.net2                       4.96989
xdut.x1.x14.net1                             5
xdut.x1.x14.enb                    1.43584e-08
xdut.x1.x14.net3                   6.26479e-09
xdut.nc_out11                      2.08524e-08
xdut.x1.x15.pg                               5
xdut.x1.x15.ng                               5
xdut.x1.x15.pgg                    3.77213e-08
xdut.x1.x15.ngg                    5.74338e-08
xdut.x1.x15.net2                       1.26674
xdut.x1.x15.net1                             5
xdut.x1.x15.enb                              5
xdut.x1.x15.net3                   2.87169e-08
xdut.nc_out10                                0
xdut.x1.x16.pg                               5
xdut.x1.x16.ng                               5
xdut.x1.x16.pgg                    3.77213e-08
xdut.x1.x16.ngg                    5.74338e-08
xdut.x1.x16.net2                       1.26674
xdut.x1.x16.net1                             5
xdut.x1.x16.enb                              5
xdut.x1.x16.net3                   2.87169e-08
xdut.nc_out9                                 0
xdut.x2._079_                                5
xdut.x2.bit_cnt_0                  2.08524e-08
xdut.x2._080_                                5
xdut.nc_core_addr_match            2.08524e-08
xdut.x2._081_                                5
xdut.x2._082_                      2.05775e-08
xdut.x2.sda_d                                5
xdut.x2._083_                      8.23099e-08
xdut.x2.scl_row1                             5
xdut.x2.x_384_.net1                 4.1155e-08
xdut.x2.x_385_.net1                    1.26844
xdut.x2.sda_in_row1                          5
xdut.x2._167_                      3.74566e-08
xdut.x2.x_386_.net2                          5
xdut.x2.x_386_.net1                2.05775e-08
xdut.x2._143_                                5
xdut.x2.x_387_.net1                    4.96992
xdut.x2.rst_scl_domain_held                  5
xdut.x2._016_                       7.8869e-09
xdut.x2.x_388_.net1                          5
xdut.nc_core_busy                   7.8869e-09
xdut.x2._017_                      2.05775e-08
xdut.x2.x_388_.net2                   0.034793
xdut.x2.x_389_.net2                    1.26844
xdut.x2._209_                                5
xdut.x2.x_389_.net1                3.74566e-08
xdut.x2.phase_2                    2.08524e-08
xdut.x2._084_                                5
xdut.x2.x_390_.net2                    4.96992
xdut.x2.x_390_.net1                7.88689e-09
xdut.x2._210_                                5
xdut.x2._085_                                5
xdut.nc_core_rx_valid              2.05775e-08
xdut.x2.x_392_.net1                          5
xdut.x2.phase_0                    2.08524e-08
xdut.x2.x_392_.net2                          5
xdut.x2._086_                      2.05775e-08
xdut.x2._087_                                5
xdut.x2.last_bit_pending           2.08524e-08
xdut.x2.x_393_.net1                   0.034793
xdut.x2.xu_muxdffrb_1.x1_net1                5
xdut.x2.xu_muxdffrb_1.net1         2.19645e-08
xdut.x2.xu_muxdffrb_1.x1_net2                5
xdut.x2.xu_muxdffrb_1.x1_ckp       2.08524e-08
xdut.x2.xu_muxdffrb_1.x1_ckb                 5
xdut.x2.xu_muxdffrb_1.x1_net3          4.14374
xdut.x2.xu_muxdffrb_1.x1_qm        2.60779e-08
xdut.x2.xu_muxdffrb_1.x1_net4                5
xdut.x2._195_                                5
xdut.x2.xu_muxdffrb_1.x1_qs        7.29558e-08
xdut.x2.xu_muxdffrb_1.x1_net5      4.95168e-08
xdut.x2.xu_muxdffrb_1.x1_net6         0.034793
xdut.x2._156_                      2.05775e-08
xdut.x2.xu_muxdffrb_1.x2_sb         1.6168e-08
xdut.x2.xu_muxdffrb_1.x2_net2                5
xdut.x2.xu_muxdffrb_1.x2_net3                5
xdut.x2.xu_muxdffrb_1.x2_net1                5
xdut.x2.shreg_5                    2.08524e-08
xdut.x2.xu_muxdffrb_2.x1_net1                5
xdut.x2.xu_muxdffrb_2.net1         2.19645e-08
xdut.x2.xu_muxdffrb_2.x1_net2                5
xdut.x2.xu_muxdffrb_2.x1_ckp       2.08524e-08
xdut.x2.xu_muxdffrb_2.x1_ckb                 5
xdut.x2.xu_muxdffrb_2.x1_net3          4.14374
xdut.x2.xu_muxdffrb_2.x1_qm        2.60779e-08
xdut.x2.xu_muxdffrb_2.x1_net4                5
xdut.x2._196_                                5
xdut.x2.xu_muxdffrb_2.x1_qs        7.29558e-08
xdut.x2.xu_muxdffrb_2.x1_net5      4.95168e-08
xdut.x2.xu_muxdffrb_2.x1_net6         0.034793
xdut.x2.xu_muxdffrb_2.x2_sb         1.6168e-08
xdut.x2.xu_muxdffrb_2.x2_net2                5
xdut.x2.xu_muxdffrb_2.x2_net3                5
xdut.x2.xu_muxdffrb_2.x2_net1                5
xdut.x2.shreg_4                    2.08524e-08
xdut.x2.xu_muxdffrb_3.x1_net1                5
xdut.x2.xu_muxdffrb_3.net1         2.19645e-08
xdut.x2.xu_muxdffrb_3.x1_net2                5
xdut.x2.xu_muxdffrb_3.x1_ckp       2.08524e-08
xdut.x2.xu_muxdffrb_3.x1_ckb                 5
xdut.x2.xu_muxdffrb_3.x1_net3          4.14374
xdut.x2.xu_muxdffrb_3.x1_qm        2.60779e-08
xdut.x2.xu_muxdffrb_3.x1_net4                5
xdut.x2._197_                                5
xdut.x2.xu_muxdffrb_3.x1_qs        7.29558e-08
xdut.x2.xu_muxdffrb_3.x1_net5      4.95168e-08
xdut.x2.xu_muxdffrb_3.x1_net6         0.034793
xdut.x2.xu_muxdffrb_3.x2_sb         1.6168e-08
xdut.x2.xu_muxdffrb_3.x2_net2                5
xdut.x2.xu_muxdffrb_3.x2_net3                5
xdut.x2.xu_muxdffrb_3.x2_net1                5
xdut.x2.shreg_3                    2.08524e-08
xdut.x2.xu_muxdffrb_4.x1_net1                5
xdut.x2.xu_muxdffrb_4.net1         2.19645e-08
xdut.x2.xu_muxdffrb_4.x1_net2                5
xdut.x2.xu_muxdffrb_4.x1_ckp       2.08524e-08
xdut.x2.xu_muxdffrb_4.x1_ckb                 5
xdut.x2.xu_muxdffrb_4.x1_net3          4.14374
xdut.x2.xu_muxdffrb_4.x1_qm        2.60779e-08
xdut.x2.xu_muxdffrb_4.x1_net4                5
xdut.x2._198_                                5
xdut.x2.xu_muxdffrb_4.x1_qs        7.29558e-08
xdut.x2.xu_muxdffrb_4.x1_net5      4.95168e-08
xdut.x2.xu_muxdffrb_4.x1_net6         0.034793
xdut.x2.xu_muxdffrb_4.x2_sb         1.6168e-08
xdut.x2.xu_muxdffrb_4.x2_net2                5
xdut.x2.xu_muxdffrb_4.x2_net3                5
xdut.x2.xu_muxdffrb_4.x2_net1                5
xdut.x2.shreg_2                    2.08524e-08
xdut.x2.xu_muxdffrb_5.x1_net1                5
xdut.x2.xu_muxdffrb_5.net1         2.19645e-08
xdut.x2.xu_muxdffrb_5.x1_net2                5
xdut.x2.xu_muxdffrb_5.x1_ckp       2.08524e-08
xdut.x2.xu_muxdffrb_5.x1_ckb                 5
xdut.x2.xu_muxdffrb_5.x1_net3          4.14374
xdut.x2.xu_muxdffrb_5.x1_qm        2.60779e-08
xdut.x2.xu_muxdffrb_5.x1_net4                5
xdut.x2._199_                                5
xdut.x2.xu_muxdffrb_5.x1_qs        7.29558e-08
xdut.x2.xu_muxdffrb_5.x1_net5      4.95168e-08
xdut.x2.xu_muxdffrb_5.x1_net6         0.034793
xdut.x2.xu_muxdffrb_5.x2_sb         1.6168e-08
xdut.x2.xu_muxdffrb_5.x2_net2                5
xdut.x2.xu_muxdffrb_5.x2_net3                5
xdut.x2.xu_muxdffrb_5.x2_net1                5
xdut.x2.shreg_1                    2.08524e-08
xdut.x2.xu_muxdffrb_6.x1_net1                5
xdut.x2.xu_muxdffrb_6.net1         2.19645e-08
xdut.x2.xu_muxdffrb_6.x1_net2                5
xdut.x2.xu_muxdffrb_6.x1_ckp       2.08524e-08
xdut.x2.xu_muxdffrb_6.x1_ckb                 5
xdut.x2.xu_muxdffrb_6.x1_net3          4.14374
xdut.x2.xu_muxdffrb_6.x1_qm        2.60779e-08
xdut.x2.xu_muxdffrb_6.x1_net4                5
xdut.x2._200_                                5
xdut.x2.xu_muxdffrb_6.x1_qs        7.29558e-08
xdut.x2.xu_muxdffrb_6.x1_net5      4.95168e-08
xdut.x2.xu_muxdffrb_6.x1_net6         0.034793
xdut.x2.xu_muxdffrb_6.x2_sb         1.6168e-08
xdut.x2.xu_muxdffrb_6.x2_net2                5
xdut.x2.xu_muxdffrb_6.x2_net3                5
xdut.x2.xu_muxdffrb_6.x2_net1                5
xdut.x2.shreg_0                    2.08524e-08
xdut.x2.xu_muxdffrb_7.x1_net1                5
xdut.x2.xu_muxdffrb_7.net1         2.19645e-08
xdut.x2.xu_muxdffrb_7.x1_net2                5
xdut.x2.xu_muxdffrb_7.x1_ckp       2.08524e-08
xdut.x2.xu_muxdffrb_7.x1_ckb                 5
xdut.x2.xu_muxdffrb_7.x1_net3          4.14374
xdut.x2.xu_muxdffrb_7.x1_qm        2.60779e-08
xdut.x2.xu_muxdffrb_7.x1_net4                5
xdut.x2._201_                                5
xdut.x2.xu_muxdffrb_7.x1_qs        7.29558e-08
xdut.x2.xu_muxdffrb_7.x1_net5      4.95168e-08
xdut.x2.xu_muxdffrb_7.x1_net6         0.034793
xdut.x2.xu_muxdffrb_7.x2_sb         1.6168e-08
xdut.x2.xu_muxdffrb_7.x2_net2      3.86007e-08
xdut.x2.xu_muxdffrb_7.x2_net3                5
xdut.x2.xu_muxdffrb_7.x2_net1                5
xdut.x2.sda_in_row2                          5
xdut.x2.x_401_.net1                          5
xdut.x2.bit_cnt_1                  2.08524e-08
xdut.x2._088_                                5
xdut.x2.x_402_.net1                          5
xdut.x2.x_402_.net2                    1.26844
xdut.x2._216_                                5
xdut.x2._089_                      3.74566e-08
xdut.x2.phase_1                    2.08524e-08
xdut.x2.x_403_.net1                          5
xdut.x2.x_403_.net2                    1.26844
xdut.x2.x_403_.net3                3.74566e-08
xdut.x2._090_                                5
xdut.x2.x_404_.net1                          5
xdut.x2.bit_cnt_2                  2.08524e-08
xdut.x2._091_                      2.05775e-08
xdut.x2._092_                                5
xdut.x2.x_405_.net1                6.26479e-09
xdut.x2.xu_muxdffrb_8.x1_net1                5
xdut.x2.xu_muxdffrb_8.net1         2.19645e-08
xdut.x2.xu_muxdffrb_8.x1_net2                5
xdut.x2.xu_muxdffrb_8.x1_ckp       2.08524e-08
xdut.x2.xu_muxdffrb_8.x1_ckb                 5
xdut.x2.xu_muxdffrb_8.x1_net3          4.14374
xdut.x2.xu_muxdffrb_8.x1_qm        2.60779e-08
xdut.x2.xu_muxdffrb_8.x1_net4                5
xdut.x2._202_                                5
xdut.x2.xu_muxdffrb_8.x1_qs        7.29558e-08
xdut.x2.xu_muxdffrb_8.x1_net5      4.95168e-08
xdut.x2.xu_muxdffrb_8.x1_net6         0.034793
xdut.x2.txreg_6                    2.08524e-08
xdut.x2.scl_n_row1                 2.05775e-08
xdut.x2.xu_muxdffrb_8.x2_sb         1.6168e-08
xdut.x2.xu_muxdffrb_8.x2_net2                5
xdut.x2.xu_muxdffrb_8.x2_net3                5
xdut.x2.xu_muxdffrb_8.x2_net1                5
xdut.x2.xu_muxdffrb_9.x1_net1                5
xdut.x2.xu_muxdffrb_9.net1         2.19645e-08
xdut.x2.xu_muxdffrb_9.x1_net2                5
xdut.x2.xu_muxdffrb_9.x1_ckp       2.08524e-08
xdut.x2.xu_muxdffrb_9.x1_ckb                 5
xdut.x2.xu_muxdffrb_9.x1_net3          4.14374
xdut.x2.xu_muxdffrb_9.x1_qm        2.60779e-08
xdut.x2.xu_muxdffrb_9.x1_net4                5
xdut.x2._203_                                5
xdut.x2.xu_muxdffrb_9.x1_qs        7.29558e-08
xdut.x2.xu_muxdffrb_9.x1_net5      4.95168e-08
xdut.x2.xu_muxdffrb_9.x1_net6         0.034793
xdut.x2.txreg_5                    2.08524e-08
xdut.x2.scl_n_row3                 2.05775e-08
xdut.x2.xu_muxdffrb_9.x2_sb         1.6168e-08
xdut.x2.xu_muxdffrb_9.x2_net2      3.86007e-08
xdut.x2.xu_muxdffrb_9.x2_net3                5
xdut.x2.xu_muxdffrb_9.x2_net1                5
xdut.x2.xu_muxdffrb_10.x1_net1               5
xdut.x2.xu_muxdffrb_10.net1        2.19645e-08
xdut.x2.xu_muxdffrb_10.x1_net2               5
xdut.x2.xu_muxdffrb_10.x1_ckp      2.08524e-08
xdut.x2.xu_muxdffrb_10.x1_ckb                5
xdut.x2.xu_muxdffrb_10.x1_net3         4.14374
xdut.x2.xu_muxdffrb_10.x1_qm       2.60779e-08
xdut.x2.xu_muxdffrb_10.x1_net4               5
xdut.x2._204_                                5
xdut.x2.xu_muxdffrb_10.x1_qs       7.29558e-08
xdut.x2.xu_muxdffrb_10.x1_net5     4.95168e-08
xdut.x2.xu_muxdffrb_10.x1_net6        0.034793
xdut.x2.txreg_4                    2.08524e-08
xdut.x2.xu_muxdffrb_10.x2_sb        1.6168e-08
xdut.x2.xu_muxdffrb_10.x2_net2     3.86007e-08
xdut.x2.xu_muxdffrb_10.x2_net3               5
xdut.x2.xu_muxdffrb_10.x2_net1               5
xdut.x2.xu_muxdffrb_11.x1_net1               5
xdut.x2.xu_muxdffrb_11.net1        2.19645e-08
xdut.x2.xu_muxdffrb_11.x1_net2               5
xdut.x2.xu_muxdffrb_11.x1_ckp      2.08524e-08
xdut.x2.xu_muxdffrb_11.x1_ckb                5
xdut.x2.xu_muxdffrb_11.x1_net3         4.14374
xdut.x2.xu_muxdffrb_11.x1_qm       2.60779e-08
xdut.x2.xu_muxdffrb_11.x1_net4               5
xdut.x2._205_                                5
xdut.x2.xu_muxdffrb_11.x1_qs       7.29558e-08
xdut.x2.xu_muxdffrb_11.x1_net5     4.95168e-08
xdut.x2.xu_muxdffrb_11.x1_net6        0.034793
xdut.x2.txreg_3                    2.08524e-08
xdut.x2.xu_muxdffrb_11.x2_sb        1.6168e-08
xdut.x2.xu_muxdffrb_11.x2_net2     3.86007e-08
xdut.x2.xu_muxdffrb_11.x2_net3               5
xdut.x2.xu_muxdffrb_11.x2_net1               5
xdut.x2.xu_muxdffrb_12.x1_net1               5
xdut.x2.xu_muxdffrb_12.net1        2.19645e-08
xdut.x2.xu_muxdffrb_12.x1_net2               5
xdut.x2.xu_muxdffrb_12.x1_ckp      2.08524e-08
xdut.x2.xu_muxdffrb_12.x1_ckb                5
xdut.x2.xu_muxdffrb_12.x1_net3         4.14374
xdut.x2.xu_muxdffrb_12.x1_qm       2.60779e-08
xdut.x2.xu_muxdffrb_12.x1_net4               5
xdut.x2._206_                                5
xdut.x2.xu_muxdffrb_12.x1_qs       7.29558e-08
xdut.x2.xu_muxdffrb_12.x1_net5     4.95168e-08
xdut.x2.xu_muxdffrb_12.x1_net6        0.034793
xdut.x2.txreg_2                    2.08524e-08
xdut.x2.xu_muxdffrb_12.x2_sb        1.6168e-08
xdut.x2.xu_muxdffrb_12.x2_net2     3.86007e-08
xdut.x2.xu_muxdffrb_12.x2_net3               5
xdut.x2.xu_muxdffrb_12.x2_net1               5
xdut.x2.xu_muxdffrb_13.x1_net1               5
xdut.x2.xu_muxdffrb_13.net1        2.19645e-08
xdut.x2.xu_muxdffrb_13.x1_net2               5
xdut.x2.xu_muxdffrb_13.x1_ckp      2.08524e-08
xdut.x2.xu_muxdffrb_13.x1_ckb                5
xdut.x2.xu_muxdffrb_13.x1_net3         4.14374
xdut.x2.xu_muxdffrb_13.x1_qm       2.60779e-08
xdut.x2.xu_muxdffrb_13.x1_net4               5
xdut.x2._207_                                5
xdut.x2.xu_muxdffrb_13.x1_qs       7.29558e-08
xdut.x2.xu_muxdffrb_13.x1_net5     4.95168e-08
xdut.x2.xu_muxdffrb_13.x1_net6        0.034793
xdut.x2.txreg_1                    2.08524e-08
xdut.x2.xu_muxdffrb_13.x2_sb        1.6168e-08
xdut.x2.xu_muxdffrb_13.x2_net2               5
xdut.x2.xu_muxdffrb_13.x2_net3               5
xdut.x2.xu_muxdffrb_13.x2_net1               5
xdut.x2.xu_muxdffrb_14.x1_net1               5
xdut.x2.xu_muxdffrb_14.net1        2.19645e-08
xdut.x2.xu_muxdffrb_14.x1_net2               5
xdut.x2.xu_muxdffrb_14.x1_ckp      2.08524e-08
xdut.x2.xu_muxdffrb_14.x1_ckb                5
xdut.x2.xu_muxdffrb_14.x1_net3         4.14374
xdut.x2.xu_muxdffrb_14.x1_qm       2.60779e-08
xdut.x2.xu_muxdffrb_14.x1_net4               5
xdut.x2._208_                                5
xdut.x2.xu_muxdffrb_14.x1_qs       7.29558e-08
xdut.x2.xu_muxdffrb_14.x1_net5     4.95168e-08
xdut.x2.xu_muxdffrb_14.x1_net6        0.034793
xdut.x2.txreg_0                    2.08524e-08
xdut.x2.xu_muxdffrb_14.x2_sb        1.6168e-08
xdut.x2.xu_muxdffrb_14.x2_net2               5
xdut.x2.xu_muxdffrb_14.x2_net3               5
xdut.x2.xu_muxdffrb_14.x2_net1               5
xdut.x2.x_413_.net1                          5
xdut.x2.x_413_.net2                          5
xdut.x2._093_                                5
xdut.x2.x_414_.net1                          5
xdut.x2.x_414_.net2                          5
xdut.x2._094_                      2.05775e-08
xdut.x2.x_415_.net1                          5
xdut.x2._095_                                5
xdut.x2.x_416_.net2                          5
xdut.x2.x_416_.net1                2.05775e-08
xdut.x2._096_                                5
xdut.x2.x_417_.net1                    4.97147
xdut.x2.x_417_.net2                    1.26026
xdut.x2._097_                      1.65922e-08
xdut.x2.x_418_.net2                    4.96992
xdut.x2.x_418_.net1                7.88689e-09
xdut.x2._098_                                5
xdut.x2.x_419_.net2                    1.26844
xdut.x2.x_419_.net1                3.74566e-08
xdut.x2._099_                                5
xdut.x2.x_420_.net1                          5
xdut.x2.x_420_.net4                    4.14374
xdut.x2.x_420_.net3                1.17335e-08
xdut.x2.x_420_.net2                5.86677e-09
xdut.x2._100_                      2.05775e-08
xdut.x2._101_                                5
xdut.x2.sda_in_row0                          5
xdut.x2.x_421_.net1                6.26479e-09
xdut.x2.x_422_.net1                    4.96992
xdut.x2._102_                      7.88689e-09
xdut.x2._215_                                5
xdut.x2.x_423_.net1                    1.26844
xdut.x2._103_                      3.74566e-08
xdut.x2._104_                      8.23099e-08
xdut.x2.x_424_.net1                 4.1155e-08
xdut.x2.x_425_.net1                          5
xdut.x2.x_425_.net2                          5
xdut.x2.x_425_.net4                          5
xdut.x2._105_                      2.05775e-08
xdut.x2.x_425_.net3                          5
xdut.x2.xu_muxdffrb_15.x1_net1               5
xdut.x2.xu_muxdffrb_15.net1        2.19645e-08
xdut.x2.xu_muxdffrb_15.x1_net2               5
xdut.x2.xu_muxdffrb_15.x1_ckp      2.08524e-08
xdut.x2.xu_muxdffrb_15.x1_ckb                5
xdut.x2.xu_muxdffrb_15.x1_net3         4.14374
xdut.x2.xu_muxdffrb_15.x1_qm       2.60779e-08
xdut.x2.xu_muxdffrb_15.x1_net4               5
xdut.x2.xu_muxdffrb_15.x1_qs       7.29558e-08
xdut.x2.xu_muxdffrb_15.x1_net5     4.95168e-08
xdut.x2.xu_muxdffrb_15.x1_net6        0.034793
xdut.x2.xu_muxdffrb_15.x2_sb        1.6168e-08
xdut.x2.xu_muxdffrb_15.x2_net2               5
xdut.x2.xu_muxdffrb_15.x2_net3               5
xdut.x2.xu_muxdffrb_15.x2_net1               5
xdut.x2._106_                                5
xdut.x2.x_427_.net1                    4.14374
xdut.x2._107_                                5
xdut.x2.x_428_.net1                   0.034793
xdut.x2._064_                      1.85197e-07
xdut.x2.x_429_.net1                1.23465e-07
xdut.x2.x_429_.net2                6.17324e-08
xdut.x2._108_                                5
xdut.x2.x_430_.net1                   0.034793
xdut.x2.x_431_.net1                          5
xdut.x2.x_431_.net2                          5
xdut.x2._109_                                5
xdut.x2.x_432_.net1                          5
xdut.x2._110_                      2.05775e-08
xdut.x2.x_432_.net2                6.26479e-09
xdut.x2.x_433_.net1                          5
xdut.x2._111_                                5
xdut.x2._112_                                5
xdut.x2.x_434_.net1                   0.034793
xdut.x2.x_435_.net1                          5
xdut.x2.x_435_.net2                          5
xdut.x2.x_435_.net3                          5
xdut.x2._113_                      2.05775e-08
xdut.x2.x_435_.net4                1.01169e-08
xdut.x2._114_                                5
xdut.x2.x_436_.net1                6.26479e-09
xdut.x2._065_                      8.23099e-08
xdut.x2.x_437_.net1                 4.1155e-08
xdut.x2._115_                                5
xdut.x2.x_438_.net1                   0.034793
xdut.x2._116_                      8.23099e-08
xdut.x2._212_                                5
xdut.x2.x_439_.net1                 4.1155e-08
xdut.x2._066_                                5
xdut.x2.x_440_.net1                 6.2648e-09
xdut.x2.x_441_.net1                    4.97152
xdut.x2._191_                                5
xdut.x2.x_441_.net2                     1.3056
xdut.x2._194_                                5
xdut.x2.x_441_.net4                    1.28677
xdut.x2._117_                                5
xdut.x2.x_441_.net3                2.51911e-08
xdut.x2.x_442_.net1                          5
xdut.x2.x_442_.net2                          5
xdut.x2.x_442_.net3                          5
xdut.x2._118_                      2.05775e-08
xdut.x2.xu_muxdffrb_16.x1_net1               5
xdut.x2.xu_muxdffrb_16.net1        2.19645e-08
xdut.x2.xu_muxdffrb_16.x1_net2               5
xdut.x2.xu_muxdffrb_16.x1_ckp      2.08524e-08
xdut.x2.xu_muxdffrb_16.x1_ckb                5
xdut.x2.xu_muxdffrb_16.x1_net3         4.14374
xdut.x2.xu_muxdffrb_16.x1_qm       2.60779e-08
xdut.x2.xu_muxdffrb_16.x1_net4               5
xdut.x2._213_                                5
xdut.x2.xu_muxdffrb_16.x1_qs       7.29558e-08
xdut.x2.xu_muxdffrb_16.x1_net5     4.95168e-08
xdut.x2.xu_muxdffrb_16.x1_net6        0.034793
xdut.x2.xu_muxdffrb_16.x2_sb        1.6168e-08
xdut.x2.xu_muxdffrb_16.x2_net2               5
xdut.x2.xu_muxdffrb_16.x2_net3               5
xdut.x2.xu_muxdffrb_16.x2_net1               5
xdut.x2._119_                                5
xdut.x2.x_444_.net1                   0.034793
xdut.x2.x_445_.net1                          5
xdut.x2._120_                      1.16068e-07
xdut.x2.x_445_.net4                    1.26844
xdut.x2.x_445_.net3                    4.14374
xdut.x2.x_445_.net2                5.80341e-08
xdut.x2._121_                                5
xdut.x2.x_446_.net1                 6.2648e-09
xdut.x2._068_                      8.23099e-08
xdut.x2.x_447_.net1                 4.1155e-08
xdut.x2.xu_muxdffrb_17.x1_net1               5
xdut.x2.xu_muxdffrb_17.net1        2.19645e-08
xdut.x2.xu_muxdffrb_17.x1_net2               5
xdut.x2.xu_muxdffrb_17.x1_ckp      2.08524e-08
xdut.x2.xu_muxdffrb_17.x1_ckb                5
xdut.x2.xu_muxdffrb_17.x1_net3         4.14374
xdut.x2.xu_muxdffrb_17.x1_qm       2.60779e-08
xdut.x2.xu_muxdffrb_17.x1_net4               5
xdut.x2.xu_muxdffrb_17.x1_qs       7.29558e-08
xdut.x2.xu_muxdffrb_17.x1_net5     4.95168e-08
xdut.x2.xu_muxdffrb_17.x1_net6        0.034793
xdut.nc_core_rw                    2.08524e-08
xdut.x2.xu_muxdffrb_17.x2_sb        1.6168e-08
xdut.x2.xu_muxdffrb_17.x2_net2     3.86007e-08
xdut.x2.xu_muxdffrb_17.x2_net3               5
xdut.x2.xu_muxdffrb_17.x2_net1               5
xdut.x2.x_449_.net1                    1.26844
xdut.x2._122_                      3.74566e-08
xdut.x2.x_450_.net1                    1.26844
xdut.x2._123_                      3.74566e-08
xdut.x2.x_451_.net1                          5
xdut.x2.x_451_.net2                          5
xdut.x2.x_451_.net3                    1.26844
xdut.x2._124_                      3.74566e-08
xdut.x2.x_452_.net1                    1.26844
xdut.x2._070_                      3.74566e-08
xdut.x2.xu_muxdffrb_18.x1_net1               5
xdut.x2.xu_muxdffrb_18.net1        2.19645e-08
xdut.x2.xu_muxdffrb_18.x1_net2               5
xdut.x2.xu_muxdffrb_18.x1_ckp      2.08524e-08
xdut.x2.xu_muxdffrb_18.x1_ckb                5
xdut.x2.xu_muxdffrb_18.x1_net3         4.14374
xdut.x2.xu_muxdffrb_18.x1_qm       2.60779e-08
xdut.x2.xu_muxdffrb_18.x1_net4               5
xdut.x2._217_                                5
xdut.x2.xu_muxdffrb_18.x1_qs       7.29558e-08
xdut.x2.xu_muxdffrb_18.x1_net5     4.95168e-08
xdut.x2.xu_muxdffrb_18.x1_net6        0.034793
xdut.x2.txreg_7                    2.08524e-08
xdut.x2.xu_muxdffrb_18.x2_sb        1.6168e-08
xdut.x2.xu_muxdffrb_18.x2_net2               5
xdut.x2.xu_muxdffrb_18.x2_net3               5
xdut.x2.xu_muxdffrb_18.x2_net1               5
xdut.x2.xu_muxdffrb_19.x1_net1               5
xdut.x2.xu_muxdffrb_19.net1        2.19645e-08
xdut.x2.xu_muxdffrb_19.x1_net2               5
xdut.x2.xu_muxdffrb_19.x1_ckp      2.08524e-08
xdut.x2.xu_muxdffrb_19.x1_ckb                5
xdut.x2.xu_muxdffrb_19.x1_net3         4.14374
xdut.x2.xu_muxdffrb_19.x1_qm       2.60779e-08
xdut.x2.xu_muxdffrb_19.x1_net4               5
xdut.x2._188_                                5
xdut.x2.xu_muxdffrb_19.x1_qs       7.29558e-08
xdut.x2.xu_muxdffrb_19.x1_net5     4.95168e-08
xdut.x2.xu_muxdffrb_19.x1_net6        0.034793
xdut.x2.xu_muxdffrb_19.x2_sb        1.6168e-08
xdut.x2.xu_muxdffrb_19.x2_net2               5
xdut.x2.xu_muxdffrb_19.x2_net3               5
xdut.x2.xu_muxdffrb_19.x2_net1               5
xdut.x2.shreg_6                    2.08524e-08
xdut.x2.x_455_.sb                            5
xdut.x2.x_455_.net2                          5
xdut.x2.x_455_.net3                          5
xdut.x2.x_455_.net1                          5
xdut.x2._125_                      2.19645e-08
xdut.x2._126_                                5
xdut.x2.x_456_.net1                6.26479e-09
xdut.x2.x_457_.sb                            5
xdut.x2.x_457_.net2                          5
xdut.x2.x_457_.net3                          5
xdut.x2.x_457_.net1                          5
xdut.x2._127_                      2.19645e-08
xdut.x2._128_                                5
xdut.x2.x_458_.net1                   0.034793
xdut.x2._129_                                5
xdut.x2.x_459_.net1                    4.10022
xdut.x2.x_459_.net2                    4.08139
xdut.x2._130_                                5
xdut.x2.x_460_.net1                   0.034793
xdut.x2.x_461_.sb                            5
xdut.x2.x_461_.net2                          5
xdut.x2.x_461_.net3                          5
xdut.x2.x_461_.net1                          5
xdut.x2._131_                      2.19645e-08
xdut.x2.x_462_.sb                            5
xdut.x2.x_462_.net2                          5
xdut.x2.x_462_.net3                          5
xdut.x2.x_462_.net1                          5
xdut.x2._132_                      2.19645e-08
xdut.x2.x_463_.sb                   1.6168e-08
xdut.x2.x_463_.net2                          5
xdut.x2.x_463_.net3                          5
xdut.x2.x_463_.net1                          5
xdut.x2._133_                      2.19645e-08
xdut.x2.x_464_.net1                    1.26844
xdut.x2._134_                      3.74566e-08
xdut.x2.x_465_.net1                    4.96992
xdut.x2._135_                       7.8869e-09
xdut.x2.x_466_.net1                          5
xdut.x2.x_466_.net2                          5
xdut.x2._136_                                5
xdut.x2._005_                        8.231e-08
xdut.x2.x_467_.net1                 4.1155e-08
xdut.x2.x_468_.net1                    4.97069
xdut.x2._211_                                5
xdut.x2.x_468_.net2                    4.97069
xdut.x2._004_                       7.9283e-09
xdut.x2._214_                                5
xdut.x2.x_469_.net1                          5
xdut.x2.x_469_.net2                    4.14374
xdut.x2.x_470_.net1                    4.96992
xdut.x2._144_                       7.8869e-09
xdut.x2._137_                                5
xdut.x2.x_471_.net1                1.25296e-08
xdut.x2.x_471_.net2                6.26479e-09
xdut.x2._077_                                5
xdut.x2.x_472_.net1                    4.14374
xdut.x2.x_505_.net1                    1.34474
xdut.x2.x_505_.net2                8.60377e-08
xdut.x2.x_505_.ckp                 2.08524e-08
xdut.x2.x_505_.ckb                           5
xdut.x2.x_505_.net3                4.30189e-08
xdut.x2.x_505_.qm                            5
xdut.x2.x_505_.net4                2.60779e-08
xdut.x2.x_505_.qs                  9.07633e-08
xdut.x2.x_505_.net5                5.84206e-08
xdut.x2.x_505_.net6                   0.034793
xdut.x2.x_506_.net1                          5
xdut.x2.x_506_.net2                          5
xdut.x2.x_506_.ckp                 2.08524e-08
xdut.x2.x_506_.ckb                           5
xdut.x2.x_506_.net3                    4.14374
xdut.x2.x_506_.qm                  2.60779e-08
xdut.x2.x_506_.net4                          5
xdut.x2.x_506_.qs                  7.29558e-08
xdut.x2.x_506_.net5                4.95168e-08
xdut.x2.x_506_.net6                   0.034793
xdut.x2.x_507_.net1                          5
xdut.x2.x_507_.net2                          5
xdut.x2.x_507_.ckp                 2.08524e-08
xdut.x2.x_507_.ckb                           5
xdut.x2.x_507_.net3                    4.14374
xdut.x2.x_507_.qm                  2.60779e-08
xdut.x2.x_507_.net4                          5
xdut.x2.x_507_.qs                  7.29558e-08
xdut.x2.x_507_.net5                4.95168e-08
xdut.x2.x_507_.net6                   0.034793
xdut.x2.x_509_.net1                          5
xdut.x2.x_509_.net2                          5
xdut.x2.x_509_.ckp                 2.08524e-08
xdut.x2.x_509_.ckb                           5
xdut.x2.x_509_.net3                    4.14374
xdut.x2.x_509_.qm                  2.60779e-08
xdut.x2.x_509_.net4                          5
xdut.x2.x_509_.qs                  7.29558e-08
xdut.x2.x_509_.net5                4.95168e-08
xdut.x2.x_509_.net6                   0.034793
xdut.x2.x_511_.net1                          5
xdut.x2.x_511_.net2                          5
xdut.x2.x_511_.ckp                 2.08524e-08
xdut.x2.x_511_.ckb                           5
xdut.x2.x_511_.net3                    4.14374
xdut.x2.x_511_.qm                  2.60779e-08
xdut.x2.x_511_.net4                          5
xdut.x2.x_511_.qs                  7.29558e-08
xdut.x2.x_511_.net5                4.95168e-08
xdut.x2.x_511_.net6                   0.034793
xdut.x2.x_528_.net1                          5
xdut.x2.x_528_.net2                          5
xdut.x2.x_528_.ckp                 2.08524e-08
xdut.x2.x_528_.ckb                           5
xdut.x2.x_528_.net3                    4.14374
xdut.x2.x_528_.qm                  2.60779e-08
xdut.x2.x_528_.net4                          5
xdut.x2.x_528_.qs                  7.29558e-08
xdut.x2.x_528_.net5                4.95168e-08
xdut.x2.x_528_.net6                   0.034793
xdut.x2.sda_oe_r                   2.08524e-08
xdut.x2.scl_n_row2                 2.05775e-08
xdut.x2.x_529_.net1                          5
xdut.x2.x_529_.net2                          5
xdut.x2.x_529_.ckp                 2.08524e-08
xdut.x2.x_529_.ckb                           5
xdut.x2.x_529_.net3                    4.14374
xdut.x2.x_529_.qm                  2.60779e-08
xdut.x2.x_529_.net4                          5
xdut.x2._186_                                5
xdut.x2.x_529_.qs                  7.29558e-08
xdut.x2.x_529_.net5                4.95168e-08
xdut.x2.x_529_.net6                   0.034793
xdut.x2.x_530_.net1                    1.34474
xdut.x2.sda_in_row3                          5
xdut.x2.x_530_.net2                8.60377e-08
xdut.x2.x_530_.ckp                 2.08524e-08
xdut.x2.x_530_.ckb                           5
xdut.x2.x_530_.net3                4.30189e-08
xdut.x2.x_530_.qm                            5
xdut.x2.x_530_.net4                2.60779e-08
xdut.x2._192_                                5
xdut.x2.x_530_.qs                  9.07633e-08
xdut.x2.x_530_.net5                5.84206e-08
xdut.x2.x_530_.net6                   0.034793
xdut.x2.x_531_.net1                          5
xdut.x2.x_531_.net2                          5
xdut.x2.x_531_.ckp                 2.08524e-08
xdut.x2.x_531_.ckb                           5
xdut.x2.x_531_.net3                    4.14374
xdut.x2.x_531_.qm                  2.60779e-08
xdut.x2.x_531_.net4                          5
xdut.x2._189_                                5
xdut.x2.x_531_.qs                  7.29558e-08
xdut.x2.x_531_.net5                4.95168e-08
xdut.x2.x_531_.net6                   0.034793
xdut.x2.x_532_.net1                          5
xdut.x2.x_532_.net2                          5
xdut.x2.x_532_.ckp                 2.08524e-08
xdut.x2.x_532_.ckb                           5
xdut.x2.x_532_.net3                    4.14374
xdut.x2.x_532_.qm                  2.60779e-08
xdut.x2.x_532_.net4                          5
xdut.x2._190_                                5
xdut.x2.x_532_.qs                  7.29558e-08
xdut.x2.x_532_.net5                4.95168e-08
xdut.x2.x_532_.net6                   0.034793
xdut.x2.x_533_.net1                          5
xdut.x2.x_533_.net2                          5
xdut.x2.x_533_.ckp                 2.08524e-08
xdut.x2.x_533_.ckb                           5
xdut.x2.x_533_.net3                    4.14374
xdut.x2.x_533_.qm                  2.60779e-08
xdut.x2.x_533_.net4                          5
xdut.x2._193_                                5
xdut.x2.x_533_.qs                  7.29558e-08
xdut.x2.x_533_.net5                4.95168e-08
xdut.x2.x_533_.net6                   0.034793
xdut.x2.x_534_.net1                          5
xdut.x2.x_534_.net2                          5
xdut.x2.x_534_.ckp                 2.08524e-08
xdut.x2.x_534_.ckb                           5
xdut.x2.x_534_.net3                    4.14374
xdut.x2.x_534_.qm                  2.60779e-08
xdut.x2.x_534_.net4                          5
xdut.x2.x_534_.qs                  7.29558e-08
xdut.x2.x_534_.net5                4.95168e-08
xdut.x2.x_534_.net6                   0.034793
xdut.x2.x_535_.net1                          5
xdut.x2.x_535_.net2                          5
xdut.x2.x_535_.ckp                 2.08524e-08
xdut.x2.x_535_.ckb                           5
xdut.x2.x_535_.net3                    4.14374
xdut.x2.x_535_.qm                  2.60779e-08
xdut.x2.x_535_.net4                          5
xdut.x2._218_                                5
xdut.x2.x_535_.qs                  7.29558e-08
xdut.x2.x_535_.net5                4.95168e-08
xdut.x2.x_535_.net6                   0.034793
xdut.x2.x_536_.net1                          5
xdut.x2.x_536_.net2                          5
xdut.x2.x_536_.ckp                 2.08524e-08
xdut.x2.x_536_.ckb                           5
xdut.x2.x_536_.net3                    4.14374
xdut.x2.x_536_.qm                  2.60779e-08
xdut.x2.x_536_.net4                          5
xdut.x2.x_536_.qs                  7.29558e-08
xdut.x2.x_536_.net5                4.95168e-08
xdut.x2.x_536_.net6                   0.034793
xdut.x2.scl_n                      2.05775e-08
xdut.x2.xu_rslatch_1.x1_net1           4.96992
xdut.x2.qn                                   5
xdut.x2.xu_rslatch_1.x2_net1                 5
xdut.x2.xu_rslatch_2.x1_net1                 5
xdut.x2.rst_stretch_qn              7.8869e-09
xdut.x2.xu_rslatch_2.x2_net1           4.96992
xdut.x2.sda_lat_en                           5
xdut.x2.xu_sda_lat_en.net1             4.14374
xdut.x2.xu_rslatch_3.x1_net1                 5
xdut.x2.r_in                       2.05775e-08
xdut.x2.qn_sda                      7.8869e-09
xdut.x2.xu_rslatch_3.x2_net1           4.96992
xdut.x2.s_in                                 5
xdut.x2.xu_sda_r.net1                        5
xdut.x2.sda_target_n               2.05775e-08
xdut.x2.xu_sda_r.net2              6.26479e-09
xdut.x2.xu_sda_s.net1              8.23099e-08
xdut.x2.sda_target                           5
xdut.x2.xu_sda_s.net2               4.1155e-08
xdut.x2.xu_sda_target.sb                     5
xdut.x2.xu_sda_target.net2         5.13295e-08
xdut.x2.xu_sda_target.net3         7.47706e-08
xdut.x2.xu_sda_target.net1         2.78885e-08
xdut.x2.xu_buf_scl_row1.net1       2.05775e-08
xdut.x2.scl_buf                              5
xdut.x2.xu_buf_scl_n_row1.net1               5
xdut.x2.xu_buf_scl_n_row2.net1               5
xdut.x2.xu_buf_scl_n_row3.net1               5
xdut.x2.xu_bufth_scl.mid           4.02692e-08
xdut.x2.xu_bufth_scl.net1              1.27314
xdut.x2.xu_bufth_scl.net2          2.85498e-08
xdut.x2.xu_bufth_sda_in.mid        4.05315e-08
xdut.x2.xu_bufth_sda_in.net1            1.2772
xdut.x2.sda_in_buf                           5
xdut.x2.xu_bufth_sda_in.net2       2.87358e-08
xdut.x2.xu_buf_sda_in_row0.net1     2.05775e-08
xdut.x2.xu_buf_sda_in_row1.net1     2.05775e-08
xdut.x2.xu_buf_sda_in_row2.net1     2.05775e-08
xdut.x2.xu_buf_sda_in_row3.net1     2.05775e-08
vsda_ctrl#branch                             0
vscl#branch                       -1.04426e-11
vtx7#branch                        2.26037e-10
vtx6#branch                        2.26037e-10
vtx5#branch                       -1.04426e-11
vtx4#branch                       -1.04426e-11
vtx3#branch                       -1.04426e-11
vtx2#branch                       -1.04426e-11
vtx1#branch                        2.26037e-10
vtx0#branch                        2.26037e-10
vdis#branch                       -1.90041e-11
vrstn#branch                       2.26037e-10
vvss#branch                        1.80383e-09
vvdd#branch                       -4.95926e-06

 Reference value :  1.67715e-06 Reference value :  6.98312e-06 Reference value :  1.22902e-05 Reference value :  1.69850e-05 Reference value :  2.19745e-05 Reference value :  2.45833e-05 Reference value :  2.70027e-05 Reference value :  3.22785e-05 Reference value :  3.69790e-05 Reference value :  4.02753e-05 Reference value :  4.20026e-05 Reference value :  4.43647e-05 Reference value :  4.69981e-05 Reference value :  5.20016e-05 Reference value :  5.79094e-05 Reference value :  6.68625e-05 Reference value :  6.74627e-05 Reference value :  7.59250e-05 Reference value :  8.19005e-05 Reference value :  8.69956e-05 Reference value :  9.19950e-05 Reference value :  9.69796e-05 Reference value :  1.01315e-04 Reference value :  1.03425e-04 Reference value :  1.09159e-04 Reference value :  1.12271e-04 Reference value :  1.17157e-04 Reference value :  1.22290e-04 Reference value :  1.27005e-04 Reference value :  1.32251e-04 Reference value :  1.36949e-04 Reference value :  1.41994e-04 Reference value :  1.47000e-04 Reference value :  1.51993e-04 Reference value :  1.54620e-04 Reference value :  1.61975e-04 Reference value :  1.64373e-04 Reference value :  1.68969e-04 Reference value :  1.72003e-04 Reference value :  1.76939e-04 Reference value :  1.81646e-04 Reference value :  1.86982e-04 Reference value :  1.91975e-04 Reference value :  1.92053e-04 Reference value :  1.96678e-04 Reference value :  2.01990e-04 Reference value :  2.09325e-04 Reference value :  2.16970e-04 Reference value :  2.21974e-04 Reference value :  2.25370e-04 Reference value :  2.31976e-04 Reference value :  2.34279e-04 Reference value :  2.41991e-04 Reference value :  2.46919e-04 Reference value :  2.51991e-04 Reference value :  2.55632e-04 Reference value :  2.61972e-04 Reference value :  2.66982e-04 Reference value :  2.72875e-04 Reference value :  2.76999e-04 Reference value :  2.81990e-04 Reference value :  2.86982e-04 Reference value :  2.91979e-04 Reference value :  2.92284e-04 Reference value :  2.96984e-04 Reference value :  3.01970e-04 Reference value :  3.03025e-04 Reference value :  3.06999e-04 Reference value :  3.11901e-04 Reference value :  3.12006e-04 Reference value :  3.16973e-04 Reference value :  3.20076e-04 Reference value :  3.26825e-04 Reference value :  3.27007e-04 Reference value :  3.31980e-04 Reference value :  3.32079e-04 Reference value :  3.37178e-04 Reference value :  3.46901e-04 Reference value :  3.47006e-04 Reference value :  3.52102e-04 Reference value :  3.58759e-04 Reference value :  3.66928e-04 Reference value :  3.70766e-04 Reference value :  3.72015e-04 Reference value :  3.76969e-04 Reference value :  3.77013e-04 Reference value :  3.85775e-04 Reference value :  3.87003e-04 Reference value :  3.91980e-04 Reference value :  3.92057e-04 Reference value :  3.96991e-04 Reference value :  4.01901e-04 Reference value :  4.02270e-04 Reference value :  4.06986e-04 Reference value :  4.11990e-04 Reference value :  4.17775e-04 Reference value :  4.26964e-04 Reference value :  4.29585e-04 Reference value :  4.36969e-04 Reference value :  4.37872e-04 Reference value :  4.44175e-04 Reference value :  4.51559e-04 Reference value :  4.52290e-04 Reference value :  4.56974e-04 Reference value :  4.59627e-04 Reference value :  4.62003e-04 Reference value :  4.64828e-04 Reference value :  4.71944e-04 Reference value :  4.76984e-04 Reference value :  4.81812e-04 Reference value :  4.86969e-04 Reference value :  4.90476e-04 Reference value :  4.92289e-04 Reference value :  4.97002e-04 Reference value :  5.02232e-04 Reference value :  5.05870e-04 Reference value :  5.08477e-04 Reference value :  5.12005e-04 Reference value :  5.16928e-04 Reference value :  5.17005e-04 Reference value :  5.21997e-04 Reference value :  5.25927e-04 Reference value :  5.27001e-04 Reference value :  5.32009e-04 Reference value :  5.42475e-04
No. of Data Rows : 18097

  Measurements for Transient Analysis

busy_after_start    =  5.00000e+00
ack_addr_write      =  4.44619e-02
addr_match_write    =  5.00000e+00
rw_write            =  2.63403e-08
ack_data            =  4.44619e-02
rx_data_bit0        =  5.00000e+00
rx_data_bit1        =  2.08525e-08
rx_data_bit2        =  5.00000e+00
rx_data_bit3        =  2.08525e-08
rx_data_bit4        =  2.08526e-08
rx_data_bit5        =  5.00000e+00
rx_data_bit6        =  2.08525e-08
rx_data_bit7        =  5.00000e+00
busy_after_stop1    =  6.47119e-08
ack_addr_read       =  4.44619e-02
rw_read             =  5.00000e+00
read_byte_bit0      =  4.44619e-02
read_byte_bit1      =  4.44619e-02
read_byte_bit2      =  4.95050e+00
read_byte_bit3      =  4.95050e+00
read_byte_bit4      =  4.95050e+00
read_byte_bit5      =  4.95050e+00
read_byte_bit6      =  4.44619e-02
read_byte_bit7      =  4.44619e-02
busy_after_stop2    =  6.47176e-08
nack_wrong_addr     =  4.95050e+00
addr_match_wrong    =  2.06406e-08
busy_after_stop3    =  6.47128e-08
rxe_i7_pre50n_sel_087=  5.00000e+00
rxe_i7_pre50n_last_bit_pending=  4.97955e-08
rxe_i7_pre50n_shreg_0=  1.86143e-08
rxe_i7_pre50n_shreg_1=  3.31197e-08
rxe_i7_pre50n_shreg_2=  -1.75035e-07
rxe_i7_pre50n_shreg_3=  4.14264e-08
rxe_i7_pre50n_shreg_4=  1.93911e-08
rxe_i7_pre50n_shreg_5=  -3.40039e-07
rxe_i7_pre50n_shreg_6=  5.00000e+00
rxe_i7_pre50n_sda_in_row2=  5.00000e+00
rxe_i7_pre50n_scl_row1=  -6.30578e-08
rxe_i7_post50n_sel_087=  5.00000e+00
rxe_i7_post50n_last_bit_pending=  5.00123e-08
rxe_i7_post50n_shreg_0=  5.00000e+00
rxe_i7_post50n_shreg_1=  -4.23957e-08
rxe_i7_post50n_shreg_2=  -5.01058e-05
rxe_i7_post50n_shreg_3=  -4.24336e-08
rxe_i7_post50n_shreg_4=  1.88695e-08
rxe_i7_post50n_shreg_5=  -1.00280e-04
rxe_i7_post50n_shreg_6=  2.77068e-08
rxe_i7_post50n_sda_in_row2=  5.00000e+00
rxe_i7_post50n_scl_row1=  5.00000e+00
rxe_i7_post500n_sel_087=  5.00000e+00
rxe_i7_post500n_last_bit_pending=  4.77861e-08
rxe_i7_post500n_shreg_0=  5.00000e+00
rxe_i7_post500n_shreg_1=  -4.25514e-08
rxe_i7_post500n_shreg_2=  -4.49137e-06
rxe_i7_post500n_shreg_3=  -4.24330e-08
rxe_i7_post500n_shreg_4=  1.87020e-08
rxe_i7_post500n_shreg_5=  -9.05826e-06
rxe_i7_post500n_shreg_6=  2.14741e-08
rxe_i7_post500n_sda_in_row2=  5.00000e+00
rxe_i7_post500n_scl_row1=  5.00000e+00
rxe_i6_pre50n_sel_087=  5.00000e+00
rxe_i6_pre50n_last_bit_pending=  3.38232e-08
rxe_i6_pre50n_shreg_0=  5.00000e+00
rxe_i6_pre50n_shreg_1=  -2.45014e-08
rxe_i6_pre50n_shreg_2=  -1.74790e-07
rxe_i6_pre50n_shreg_3=  -1.93355e-08
rxe_i6_pre50n_shreg_4=  1.94295e-08
rxe_i6_pre50n_shreg_5=  -3.64454e-07
rxe_i6_pre50n_shreg_6=  2.08537e-08
rxe_i6_pre50n_sda_in_row2=  2.05803e-08
rxe_i6_pre50n_scl_row1=  9.06109e-10
rxe_i6_post50n_sel_087=  5.00000e+00
rxe_i6_post50n_last_bit_pending=  3.42678e-08
rxe_i6_post50n_shreg_0=  2.49527e-08
rxe_i6_post50n_shreg_1=  5.00000e+00
rxe_i6_post50n_shreg_2=  -1.84160e-07
rxe_i6_post50n_shreg_3=  1.58058e-08
rxe_i6_post50n_shreg_4=  1.84287e-08
rxe_i6_post50n_shreg_5=  -3.89515e-07
rxe_i6_post50n_shreg_6=  2.07944e-08
rxe_i6_post50n_sda_in_row2=  2.06735e-08
rxe_i6_post50n_scl_row1=  5.00003e+00
rxe_i6_post500n_sel_087=  5.00000e+00
rxe_i6_post500n_last_bit_pending=  3.29662e-08
rxe_i6_post500n_shreg_0=  1.66793e-08
rxe_i6_post500n_shreg_1=  5.00000e+00
rxe_i6_post500n_shreg_2=  -1.81866e-07
rxe_i6_post500n_shreg_3=  2.11229e-08
rxe_i6_post500n_shreg_4=  1.88391e-08
rxe_i6_post500n_shreg_5=  -3.80274e-07
rxe_i6_post500n_shreg_6=  2.10123e-08
rxe_i6_post500n_sda_in_row2=  2.04304e-08
rxe_i6_post500n_scl_row1=  5.00000e+00
rxe_i5_pre50n_sel_087=  5.00000e+00
rxe_i5_pre50n_last_bit_pending=  2.85210e-08
rxe_i5_pre50n_shreg_0=  1.85462e-08
rxe_i5_pre50n_shreg_1=  5.00000e+00
rxe_i5_pre50n_shreg_2=  -7.01948e-08
rxe_i5_pre50n_shreg_3=  3.31070e-08
rxe_i5_pre50n_shreg_4=  1.94682e-08
rxe_i5_pre50n_shreg_5=  -1.61242e-07
rxe_i5_pre50n_shreg_6=  2.08503e-08
rxe_i5_pre50n_sda_in_row2=  5.00000e+00
rxe_i5_pre50n_scl_row1=  1.73045e-08
rxe_i5_post50n_sel_087=  5.00000e+00
rxe_i5_post50n_last_bit_pending=  3.85327e-08
rxe_i5_post50n_shreg_0=  5.00000e+00
rxe_i5_post50n_shreg_1=  -5.63727e-08
rxe_i5_post50n_shreg_2=  5.00000e+00
rxe_i5_post50n_shreg_3=  -5.72713e-08
rxe_i5_post50n_shreg_4=  2.01891e-08
rxe_i5_post50n_shreg_5=  1.26240e-08
rxe_i5_post50n_shreg_6=  2.22216e-08
rxe_i5_post50n_sda_in_row2=  5.00000e+00
rxe_i5_post50n_scl_row1=  5.00000e+00
rxe_i5_post500n_sel_087=  5.00000e+00
rxe_i5_post500n_last_bit_pending=  3.03588e-08
rxe_i5_post500n_shreg_0=  5.00000e+00
rxe_i5_post500n_shreg_1=  -5.73980e-08
rxe_i5_post500n_shreg_2=  5.00000e+00
rxe_i5_post500n_shreg_3=  -5.82830e-08
rxe_i5_post500n_shreg_4=  1.87149e-08
rxe_i5_post500n_shreg_5=  2.46863e-08
rxe_i5_post500n_shreg_6=  2.08720e-08
rxe_i5_post500n_sda_in_row2=  5.00000e+00
rxe_i5_post500n_scl_row1=  5.00000e+00
rxe_i4_pre50n_sel_087=  5.00000e+00
rxe_i4_pre50n_last_bit_pending=  2.59076e-08
rxe_i4_pre50n_shreg_0=  5.00000e+00
rxe_i4_pre50n_shreg_1=  1.54045e-08
rxe_i4_pre50n_shreg_2=  5.00000e+00
rxe_i4_pre50n_shreg_3=  -3.73972e-08
rxe_i4_pre50n_shreg_4=  1.95114e-08
rxe_i4_pre50n_shreg_5=  4.59652e-08
rxe_i4_pre50n_shreg_6=  2.08536e-08
rxe_i4_pre50n_sda_in_row2=  2.05800e-08
rxe_i4_pre50n_scl_row1=  -4.83602e-09
rxe_i4_post50n_sel_087=  5.00000e+00
rxe_i4_post50n_last_bit_pending=  2.67825e-08
rxe_i4_post50n_shreg_0=  1.24043e-07
rxe_i4_post50n_shreg_1=  4.99996e+00
rxe_i4_post50n_shreg_2=  3.42970e-05
rxe_i4_post50n_shreg_3=  4.99998e+00
rxe_i4_post50n_shreg_4=  4.01832e-08
rxe_i4_post50n_shreg_5=  -6.62810e-06
rxe_i4_post50n_shreg_6=  2.86396e-08
rxe_i4_post50n_sda_in_row2=  2.08990e-08
rxe_i4_post50n_scl_row1=  5.00003e+00
rxe_i4_post500n_sel_087=  5.00000e+00
rxe_i4_post500n_last_bit_pending=  2.62964e-08
rxe_i4_post500n_shreg_0=  -1.39908e-07
rxe_i4_post500n_shreg_1=  4.99999e+00
rxe_i4_post500n_shreg_2=  3.44801e-06
rxe_i4_post500n_shreg_3=  5.00000e+00
rxe_i4_post500n_shreg_4=  -1.32579e-08
rxe_i4_post500n_shreg_5=  -5.76111e-07
rxe_i4_post500n_shreg_6=  1.77260e-08
rxe_i4_post500n_sda_in_row2=  2.01446e-08
rxe_i4_post500n_scl_row1=  5.00000e+00
rxe_i3_pre50n_sel_087=  5.00000e+00
rxe_i3_pre50n_last_bit_pending=  2.43312e-08
rxe_i3_pre50n_shreg_0=  1.86072e-08
rxe_i3_pre50n_shreg_1=  5.00000e+00
rxe_i3_pre50n_shreg_2=  9.02212e-09
rxe_i3_pre50n_shreg_3=  5.00000e+00
rxe_i3_pre50n_shreg_4=  1.95799e-08
rxe_i3_pre50n_shreg_5=  -1.17524e-07
rxe_i3_pre50n_shreg_6=  2.08548e-08
rxe_i3_pre50n_sda_in_row2=  2.05775e-08
rxe_i3_pre50n_scl_row1=  -6.43639e-08
rxe_i3_post50n_sel_087=  5.00000e+00
rxe_i3_post50n_last_bit_pending=  2.51347e-08
rxe_i3_post50n_shreg_0=  1.83883e-08
rxe_i3_post50n_shreg_1=  1.71240e-08
rxe_i3_post50n_shreg_2=  5.00000e+00
rxe_i3_post50n_shreg_3=  1.83593e-08
rxe_i3_post50n_shreg_4=  5.00000e+00
rxe_i3_post50n_shreg_5=  3.24558e-08
rxe_i3_post50n_shreg_6=  2.12045e-08
rxe_i3_post50n_sda_in_row2=  2.05818e-08
rxe_i3_post50n_scl_row1=  5.00000e+00
rxe_i3_post500n_sel_087=  5.00000e+00
rxe_i3_post500n_last_bit_pending=  2.36691e-08
rxe_i3_post500n_shreg_0=  1.86413e-08
rxe_i3_post500n_shreg_1=  2.42405e-08
rxe_i3_post500n_shreg_2=  5.00000e+00
rxe_i3_post500n_shreg_3=  2.22992e-08
rxe_i3_post500n_shreg_4=  5.00000e+00
rxe_i3_post500n_shreg_5=  2.90772e-08
rxe_i3_post500n_shreg_6=  2.05211e-08
rxe_i3_post500n_sda_in_row2=  2.05686e-08
rxe_i3_post500n_scl_row1=  5.00000e+00
rxe_i2_pre50n_sel_087=  5.00000e+00
rxe_i2_pre50n_last_bit_pending=  2.32631e-08
rxe_i2_pre50n_shreg_0=  1.85573e-08
rxe_i2_pre50n_shreg_1=  8.38687e-08
rxe_i2_pre50n_shreg_2=  5.00000e+00
rxe_i2_pre50n_shreg_3=  8.38685e-08
rxe_i2_pre50n_shreg_4=  5.00000e+00
rxe_i2_pre50n_shreg_5=  4.33581e-08
rxe_i2_pre50n_shreg_6=  2.08503e-08
rxe_i2_pre50n_sda_in_row2=  5.00000e+00
rxe_i2_pre50n_scl_row1=  2.94323e-08
rxe_i2_post50n_sel_087=  5.00000e+00
rxe_i2_post50n_last_bit_pending=  1.46357e-08
rxe_i2_post50n_shreg_0=  4.99998e+00
rxe_i2_post50n_shreg_1=  -7.03786e-05
rxe_i2_post50n_shreg_2=  -3.47606e-05
rxe_i2_post50n_shreg_3=  4.99996e+00
rxe_i2_post50n_shreg_4=  2.37283e-08
rxe_i2_post50n_shreg_5=  4.99999e+00
rxe_i2_post50n_shreg_6=  2.21832e-08
rxe_i2_post50n_sda_in_row2=  5.00000e+00
rxe_i2_post50n_scl_row1=  5.00000e+00
rxe_i2_post500n_sel_087=  5.00000e+00
rxe_i2_post500n_last_bit_pending=  2.01534e-08
rxe_i2_post500n_shreg_0=  5.00000e+00
rxe_i2_post500n_shreg_1=  -8.37374e-06
rxe_i2_post500n_shreg_2=  -4.22437e-06
rxe_i2_post500n_shreg_3=  5.00000e+00
rxe_i2_post500n_shreg_4=  2.34593e-08
rxe_i2_post500n_shreg_5=  5.00000e+00
rxe_i2_post500n_shreg_6=  2.05862e-08
rxe_i2_post500n_sda_in_row2=  5.00000e+00
rxe_i2_post500n_scl_row1=  5.00000e+00
rxe_i1_pre50n_sel_087=  5.00000e+00
rxe_i1_pre50n_last_bit_pending=  2.25322e-08
rxe_i1_pre50n_shreg_0=  5.00000e+00
rxe_i1_pre50n_shreg_1=  -5.12695e-07
rxe_i1_pre50n_shreg_2=  -1.85538e-07
rxe_i1_pre50n_shreg_3=  5.00000e+00
rxe_i1_pre50n_shreg_4=  1.84587e-08
rxe_i1_pre50n_shreg_5=  5.00000e+00
rxe_i1_pre50n_shreg_6=  2.08537e-08
rxe_i1_pre50n_sda_in_row2=  2.05796e-08
rxe_i1_pre50n_scl_row1=  -7.09398e-09
rxe_i1_post50n_sel_087=  3.60687e-05
rxe_i1_post50n_last_bit_pending=  4.99997e+00
rxe_i1_post50n_shreg_0=  -1.20939e-07
rxe_i1_post50n_shreg_1=  4.99999e+00
rxe_i1_post50n_shreg_2=  -6.18961e-08
rxe_i1_post50n_shreg_3=  -1.13100e-07
rxe_i1_post50n_shreg_4=  5.00000e+00
rxe_i1_post50n_shreg_5=  -6.35741e-08
rxe_i1_post50n_shreg_6=  5.00000e+00
rxe_i1_post50n_sda_in_row2=  1.36263e-09
rxe_i1_post50n_scl_row1=  5.00003e+00
rxe_i1_post500n_sel_087=  2.77231e-06
rxe_i1_post500n_last_bit_pending=  5.00000e+00
rxe_i1_post500n_shreg_0=  3.64195e-09
rxe_i1_post500n_shreg_1=  5.00000e+00
rxe_i1_post500n_shreg_2=  -2.78986e-10
rxe_i1_post500n_shreg_3=  4.97882e-09
rxe_i1_post500n_shreg_4=  5.00000e+00
rxe_i1_post500n_shreg_5=  1.70855e-09
rxe_i1_post500n_shreg_6=  5.00000e+00
rxe_i1_post500n_sda_in_row2=  1.56358e-08
rxe_i1_post500n_scl_row1=  5.00000e+00
rxe_i0_pre50n_sel_087=  2.06056e-07
rxe_i0_pre50n_last_bit_pending=  5.00000e+00
rxe_i0_pre50n_shreg_0=  8.39273e-08
rxe_i0_pre50n_shreg_1=  5.00000e+00
rxe_i0_pre50n_shreg_2=  1.84570e-08
rxe_i0_pre50n_shreg_3=  8.39285e-08
rxe_i0_pre50n_shreg_4=  5.00000e+00
rxe_i0_pre50n_shreg_5=  8.39311e-08
rxe_i0_pre50n_shreg_6=  5.00000e+00
rxe_i0_pre50n_sda_in_row2=  5.00000e+00
rxe_i0_pre50n_scl_row1=  -6.30398e-08
rxe_i0_post50n_sel_087=  5.00000e+00
rxe_i0_post50n_last_bit_pending=  6.64988e-09
rxe_i0_post50n_shreg_0=  5.00000e+00
rxe_i0_post50n_shreg_1=  2.27794e-08
rxe_i0_post50n_shreg_2=  5.00000e+00
rxe_i0_post50n_shreg_3=  2.18309e-08
rxe_i0_post50n_shreg_4=  2.21138e-08
rxe_i0_post50n_shreg_5=  5.00000e+00
rxe_i0_post50n_shreg_6=  2.09106e-08
rxe_i0_post50n_sda_in_row2=  5.00000e+00
rxe_i0_post50n_scl_row1=  5.00000e+00
rxe_i0_post500n_sel_087=  5.00000e+00
rxe_i0_post500n_last_bit_pending=  3.89600e-08
rxe_i0_post500n_shreg_0=  5.00000e+00
rxe_i0_post500n_shreg_1=  2.28713e-08
rxe_i0_post500n_shreg_2=  5.00000e+00
rxe_i0_post500n_shreg_3=  2.19227e-08
rxe_i0_post500n_shreg_4=  2.23174e-08
rxe_i0_post500n_shreg_5=  5.00000e+00
rxe_i0_post500n_shreg_6=  2.08965e-08
rxe_i0_post500n_sda_in_row2=  5.00000e+00
rxe_i0_post500n_scl_row1=  5.00000e+00
rxdiag_shreg_0      =  1.80385e-07
rxdiag_shreg_1      =  5.00000e+00
rxdiag_shreg_2      =  -1.24156e-07
rxdiag_shreg_3      =  5.00000e+00
rxdiag_shreg_4      =  1.93418e-08
rxdiag_shreg_5      =  -4.30538e-07
rxdiag_shreg_6      =  5.00000e+00
rxdiag_sda_in_row2  =  2.05728e-08
rxdiag_nc_out_nc_out4=  5.00000e+00
rxdiag_nc_out_nc_out12=  2.08525e-08
rxdiag_nc_out_nc_out14=  5.00000e+00
rxdiag_nc_out_nc_out5=  2.08525e-08
rxdiag_nc_out_nc_out6=  2.08526e-08
rxdiag_nc_out_nc_out3=  5.00000e+00
rxdiag_nc_out_nc_out11=  2.08525e-08
rxdiag_nc_out_nc_out13=  5.00000e+00
stop1_busy_m500n    =  5.00000e+00
stop1_busy_clr_m500n=  8.21177e-08
stop1_qn_m500n      =  2.06680e-08
stop1_scl_row1_m500n=  5.00000e+00
stop1_sda_in_row2_m500n=  2.05786e-08
stop1_sda_d_m500n   =  2.05252e-08
stop1_busy_m100n    =  5.00000e+00
stop1_busy_clr_m100n=  8.29140e-08
stop1_qn_m100n      =  2.02467e-08
stop1_scl_row1_m100n=  5.00000e+00
stop1_sda_in_row2_m100n=  2.05737e-08
stop1_sda_d_m100n   =  2.07610e-08
stop1_busy_m50n     =  5.00000e+00
stop1_busy_clr_m50n =  8.23334e-08
stop1_qn_m50n       =  2.05767e-08
stop1_scl_row1_m50n =  5.00000e+00
stop1_sda_in_row2_m50n=  2.05775e-08
stop1_sda_d_m50n    =  2.05765e-08
stop1_busy_m20n     =  5.00000e+00
stop1_busy_clr_m20n =  7.74585e-08
stop1_qn_m20n       =  1.96928e-08
stop1_scl_row1_m20n =  5.00000e+00
stop1_sda_in_row2_m20n=  -1.56303e-06
stop1_sda_d_m20n    =  2.02629e-08
stop1_busy_m10n     =  5.00000e+00
stop1_busy_clr_m10n =  -8.83875e-07
stop1_qn_m10n       =  -3.83271e-08
stop1_scl_row1_m10n =  5.00000e+00
stop1_sda_in_row2_m10n=  -3.21949e-03
stop1_sda_d_m10n    =  -1.70524e-09
stop1_busy_m5n      =  4.95208e+00
stop1_busy_clr_m5n  =  3.16861e-02
stop1_qn_m5n        =  -2.26245e-03
stop1_scl_row1_m5n  =  4.97268e+00
stop1_sda_in_row2_m5n=  4.32503e+00
stop1_sda_d_m5n     =  -4.92463e-04
stop1_busy_evt      =  2.37897e+00
stop1_busy_clr_evt  =  4.92876e+00
stop1_qn_evt        =  1.88924e-02
stop1_scl_row1_evt  =  5.00024e+00
stop1_sda_in_row2_evt=  4.99996e+00
stop1_sda_d_evt     =  3.82181e-04
stop1_busy_p5n      =  9.40152e-03
stop1_busy_clr_p5n  =  4.99901e+00
stop1_qn_p5n        =  4.97141e+00
stop1_scl_row1_p5n  =  5.00547e+00
stop1_sda_in_row2_p5n=  5.00000e+00
stop1_sda_d_p5n     =  -1.66506e-01
stop1_busy_p10n     =  8.19848e-04
stop1_busy_clr_p10n =  5.07361e+00
stop1_qn_p10n       =  5.00196e+00
stop1_scl_row1_p10n =  4.99985e+00
stop1_sda_in_row2_p10n=  5.00000e+00
stop1_sda_d_p10n    =  4.34787e+00
stop1_busy_p20n     =  1.48542e-06
stop1_busy_clr_p20n =  -6.14964e-05
stop1_qn_p20n       =  4.99998e+00
stop1_scl_row1_p20n =  5.00007e+00
stop1_sda_in_row2_p20n=  5.00000e+00
stop1_sda_d_p20n    =  4.99999e+00
stop1_busy_p50n     =  8.01125e-06
stop1_busy_clr_p50n =  4.16074e-06
stop1_qn_p50n       =  5.00000e+00
stop1_scl_row1_p50n =  5.00002e+00
stop1_sda_in_row2_p50n=  5.00000e+00
stop1_sda_d_p50n    =  5.00000e+00
stop1_busy_p100n    =  4.15709e-06
stop1_busy_clr_p100n=  5.31267e-06
stop1_qn_p100n      =  5.00000e+00
stop1_scl_row1_p100n=  5.00001e+00
stop1_sda_in_row2_p100n=  5.00000e+00
stop1_sda_d_p100n   =  5.00000e+00
stop1_busy_p500n    =  3.94318e-07
stop1_busy_clr_p500n=  -2.28426e-06
stop1_qn_p500n      =  5.00000e+00
stop1_scl_row1_p500n=  5.00000e+00
stop1_sda_in_row2_p500n=  5.00000e+00
stop1_sda_d_p500n   =  5.00000e+00
stop1_busy_p1u      =  1.92930e-07
stop1_busy_clr_p1u  =  -1.53646e-06
stop1_qn_p1u        =  5.00000e+00
stop1_scl_row1_p1u  =  5.00000e+00
stop1_sda_in_row2_p1u=  5.00000e+00
stop1_sda_d_p1u     =  5.00000e+00
stop1_busy_p2u      =  1.20884e-07
stop1_busy_clr_p2u  =  -8.68288e-07
stop1_qn_p2u        =  5.00000e+00
stop1_scl_row1_p2u  =  5.00000e+00
stop1_sda_in_row2_p2u=  5.00000e+00
stop1_sda_d_p2u     =  5.00000e+00
stop1_busy_p5u      =  1.91378e-07
stop1_busy_clr_p5u  =  2.81311e-06
stop1_qn_p5u        =  5.00000e+00
stop1_scl_row1_p5u  =  5.00000e+00
stop1_sda_in_row2_p5u=  5.00000e+00
stop1_sda_d_p5u     =  5.00000e+00


Checking parameters for BSIM 3.3 model mne_mst
Warning: Pd = 0 is less than W.
Warning: Ps = 0 is less than W.

Checking parameters for BSIM 3.3 model mne_mst
Warning: Pd = 0 is less than W.
Warning: Ps = 0 is less than W.

Checking parameters for BSIM 3.3 model mne_mst
Warning: Pd = 0 is less than W.
Warning: Ps = 0 is less than W.
Warning: can't parse 'xdut.nc_core_busy': ignored
Warning: can't parse 'p2': ignored
Warning: can't parse 'xdut.nc_core_addr_match': ignored
Warning: can't parse 'xdut.nc_core_rw': ignored
Warning: can't parse 'xdut.nc_out4': ignored
Warning: can't parse 'xdut.nc_out12': ignored
Warning: can't parse 'xdut.nc_out14': ignored
Warning: can't parse 'xdut.nc_out5': ignored
Warning: can't parse 'xdut.nc_out6': ignored
Warning: can't parse 'xdut.nc_out3': ignored
Warning: can't parse 'xdut.nc_out11': ignored
Warning: can't parse 'xdut.nc_out13': ignored
Warning: can't parse 'xdut.x2._087_': ignored
Warning: can't parse 'xdut.x2.last_bit_pending': ignored
Warning: can't parse 'xdut.x2.shreg_0': ignored
Warning: can't parse 'xdut.x2.shreg_1': ignored
Warning: can't parse 'xdut.x2.shreg_2': ignored
Warning: can't parse 'xdut.x2.shreg_3': ignored
Warning: can't parse 'xdut.x2.shreg_4': ignored
Warning: can't parse 'xdut.x2.shreg_5': ignored
Warning: can't parse 'xdut.x2.shreg_6': ignored
Warning: can't parse 'xdut.x2.sda_in_row2': ignored
Warning: can't parse 'xdut.x2.scl_row1': ignored
Warning: can't parse 'xdut.x2._077_': ignored
Warning: can't parse 'xdut.x2.qn': ignored
Warning: can't parse 'xdut.x2.sda_d': ignored
Doing analysis at TEMP = 27.000000 and TNOM = 27.000000

Using SPARSE 1.3 as Direct Linear Solver

Initial Transient Solution
--------------------------

Node                                   Voltage
----                                   -------
vdd                                          5
vss                                          0
p15                                          0
p7                                           5
p9                                 2.00283e-08
p10                                2.00283e-08
p4                                           0
p12                                          0
p14                                          5
p5                                           5
p6                                           5
p3                                           5
p11                                          0
p13                                          0
p1                                           5
sda_ctrl                                     0
p2                                      4.9505
xdut.x1.x1.pg                                5
xdut.x1.x1.ng                      1.39324e-08
xdut.x1.x1.pgg                     7.94869e-09
xdut.x1.x1.ngg                               5
xdut.x1.x1.net2                        4.96989
xdut.x1.x1.net1                              5
xdut.x1.x1.enb                     1.43584e-08
xdut.x1.x1.net3                    6.26479e-09
xdut.nc_out1                                 0
xdut.x1.x4.pg                                5
xdut.x1.x4.ng                      1.39324e-08
xdut.x1.x4.pgg                     7.94869e-09
xdut.x1.x4.ngg                               5
xdut.nc_hiz2                                 5
xdut.x1.x4.net2                        4.96989
xdut.x1.x4.net1                              5
xdut.x1.x4.enb                     1.43584e-08
xdut.x1.x4.net3                    6.26479e-09
xdut.x1.x5.pg                                5
xdut.x1.x5.ng                      1.39324e-08
xdut.x1.x5.pgg                     7.94869e-09
xdut.x1.x5.ngg                               5
xdut.x1.x5.net2                        4.96989
xdut.x1.x5.net1                              5
xdut.x1.x5.enb                     1.43584e-08
xdut.x1.x5.net3                    6.26479e-09
xdut.nc_out3                       2.08524e-08
xdut.x1.x6.pg                                5
xdut.x1.x6.ng                      1.39324e-08
xdut.x1.x6.pgg                     7.94869e-09
xdut.x1.x6.ngg                               5
xdut.x1.x6.net2                        4.96989
xdut.x1.x6.net1                              5
xdut.x1.x6.enb                     1.43584e-08
xdut.x1.x6.net3                    6.26479e-09
xdut.nc_out4                       2.08524e-08
xdut.x1.x7.pg                                5
xdut.x1.x7.ng                      1.39324e-08
xdut.x1.x7.pgg                     7.94869e-09
xdut.x1.x7.ngg                               5
xdut.x1.x7.net2                        4.96989
xdut.x1.x7.net1                              5
xdut.x1.x7.enb                     1.43584e-08
xdut.x1.x7.net3                    6.26479e-09
xdut.nc_out5                       2.08524e-08
xdut.x1.x8.pg                                5
xdut.x1.x8.ng                      1.39324e-08
xdut.x1.x8.pgg                     7.94869e-09
xdut.x1.x8.ngg                               5
xdut.x1.x8.net2                        4.96989
xdut.x1.x8.net1                              5
xdut.x1.x8.enb                     1.43584e-08
xdut.x1.x8.net3                    6.26479e-09
xdut.nc_out6                       2.08524e-08
xdut.x1.x9.pg                                5
xdut.x1.x9.ng                      1.39324e-08
xdut.x1.x9.pgg                     7.94869e-09
xdut.x1.x9.ngg                               5
xdut.x1.x9.net2                        4.96989
xdut.x1.x9.net1                              5
xdut.x1.x9.enb                     1.43584e-08
xdut.x1.x9.net3                    6.26479e-09
xdut.nc_out7                                 0
xdut.x1.x10.pg                               5
xdut.x1.x10.ng                     1.39324e-08
xdut.x1.x10.pgg                    7.94869e-09
xdut.x1.x10.ngg                              5
xdut.x1.x10.net2                       4.96989
xdut.x1.x10.net1                             5
xdut.x1.x10.enb                    1.43584e-08
xdut.x1.x10.net3                   6.26479e-09
xdut.nc_out15                                0
xdut.x1.x11.pg                               5
xdut.x1.x11.ng                     1.39324e-08
xdut.x1.x11.pgg                    7.94869e-09
xdut.x1.x11.ngg                              5
xdut.x1.x11.net2                       4.96989
xdut.x1.x11.net1                             5
xdut.x1.x11.enb                    1.43584e-08
xdut.x1.x11.net3                   6.26479e-09
xdut.nc_out14                      2.08524e-08
xdut.x1.x12.pg                               5
xdut.x1.x12.ng                     1.39324e-08
xdut.x1.x12.pgg                    7.94869e-09
xdut.x1.x12.ngg                              5
xdut.x1.x12.net2                       4.96989
xdut.x1.x12.net1                             5
xdut.x1.x12.enb                    1.43584e-08
xdut.x1.x12.net3                   6.26479e-09
xdut.nc_out13                      2.08524e-08
xdut.x1.x13.pg                               5
xdut.x1.x13.ng                     1.39324e-08
xdut.x1.x13.pgg                    7.94869e-09
xdut.x1.x13.ngg                              5
xdut.x1.x13.net2                       4.96989
xdut.x1.x13.net1                             5
xdut.x1.x13.enb                    1.43584e-08
xdut.x1.x13.net3                   6.26479e-09
xdut.nc_out12                      2.08524e-08
xdut.x1.x14.pg                               5
xdut.x1.x14.ng                     1.39324e-08
xdut.x1.x14.pgg                    7.94869e-09
xdut.x1.x14.ngg                              5
xdut.x1.x14.net2                       4.96989
xdut.x1.x14.net1                             5
xdut.x1.x14.enb                    1.43584e-08
xdut.x1.x14.net3                   6.26479e-09
xdut.nc_out11                      2.08524e-08
xdut.x1.x15.pg                               5
xdut.x1.x15.ng                               5
xdut.x1.x15.pgg                    3.77213e-08
xdut.x1.x15.ngg                    5.74338e-08
xdut.x1.x15.net2                       1.26674
xdut.x1.x15.net1                             5
xdut.x1.x15.enb                              5
xdut.x1.x15.net3                   2.87169e-08
xdut.nc_out10                                0
xdut.x1.x16.pg                               5
xdut.x1.x16.ng                               5
xdut.x1.x16.pgg                    3.77213e-08
xdut.x1.x16.ngg                    5.74338e-08
xdut.x1.x16.net2                       1.26674
xdut.x1.x16.net1                             5
xdut.x1.x16.enb                              5
xdut.x1.x16.net3                   2.87169e-08
xdut.nc_out9                                 0
xdut.x2._079_                                5
xdut.x2.bit_cnt_0                  2.08524e-08
xdut.x2._080_                                5
xdut.nc_core_addr_match            2.08524e-08
xdut.x2._081_                                5
xdut.x2._082_                      2.05775e-08
xdut.x2.sda_d                                5
xdut.x2._083_                      8.23099e-08
xdut.x2.scl_row1                             5
xdut.x2.x_384_.net1                 4.1155e-08
xdut.x2.x_385_.net1                    1.26844
xdut.x2.sda_in_row1                          5
xdut.x2._167_                      3.74566e-08
xdut.x2.x_386_.net2                          5
xdut.x2.x_386_.net1                2.05775e-08
xdut.x2._143_                                5
xdut.x2.x_387_.net1                    4.96992
xdut.x2.rst_scl_domain_held                  5
xdut.x2._016_                       7.8869e-09
xdut.x2.x_388_.net1                          5
xdut.nc_core_busy                   7.8869e-09
xdut.x2._017_                      2.05775e-08
xdut.x2.x_388_.net2                   0.034793
xdut.x2.x_389_.net2                    1.26844
xdut.x2._209_                                5
xdut.x2.x_389_.net1                3.74566e-08
xdut.x2.phase_2                    2.08524e-08
xdut.x2._084_                                5
xdut.x2.x_390_.net2                    4.96992
xdut.x2.x_390_.net1                7.88689e-09
xdut.x2._210_                                5
xdut.x2._085_                                5
xdut.nc_core_rx_valid              2.05775e-08
xdut.x2.x_392_.net1                          5
xdut.x2.phase_0                    2.08524e-08
xdut.x2.x_392_.net2                          5
xdut.x2._086_                      2.05775e-08
xdut.x2._087_                                5
xdut.x2.last_bit_pending           2.08524e-08
xdut.x2.x_393_.net1                   0.034793
xdut.x2.xu_muxdffrb_1.x1_net1                5
xdut.x2.xu_muxdffrb_1.net1         2.19645e-08
xdut.x2.xu_muxdffrb_1.x1_net2                5
xdut.x2.xu_muxdffrb_1.x1_ckp       2.08524e-08
xdut.x2.xu_muxdffrb_1.x1_ckb                 5
xdut.x2.xu_muxdffrb_1.x1_net3          4.14374
xdut.x2.xu_muxdffrb_1.x1_qm        2.60779e-08
xdut.x2.xu_muxdffrb_1.x1_net4                5
xdut.x2._195_                                5
xdut.x2.xu_muxdffrb_1.x1_qs        7.29558e-08
xdut.x2.xu_muxdffrb_1.x1_net5      4.95168e-08
xdut.x2.xu_muxdffrb_1.x1_net6         0.034793
xdut.x2._156_                      2.05775e-08
xdut.x2.xu_muxdffrb_1.x2_sb         1.6168e-08
xdut.x2.xu_muxdffrb_1.x2_net2                5
xdut.x2.xu_muxdffrb_1.x2_net3                5
xdut.x2.xu_muxdffrb_1.x2_net1                5
xdut.x2.shreg_5                    2.08524e-08
xdut.x2.xu_muxdffrb_2.x1_net1                5
xdut.x2.xu_muxdffrb_2.net1         2.19645e-08
xdut.x2.xu_muxdffrb_2.x1_net2                5
xdut.x2.xu_muxdffrb_2.x1_ckp       2.08524e-08
xdut.x2.xu_muxdffrb_2.x1_ckb                 5
xdut.x2.xu_muxdffrb_2.x1_net3          4.14374
xdut.x2.xu_muxdffrb_2.x1_qm        2.60779e-08
xdut.x2.xu_muxdffrb_2.x1_net4                5
xdut.x2._196_                                5
xdut.x2.xu_muxdffrb_2.x1_qs        7.29558e-08
xdut.x2.xu_muxdffrb_2.x1_net5      4.95168e-08
xdut.x2.xu_muxdffrb_2.x1_net6         0.034793
xdut.x2.xu_muxdffrb_2.x2_sb         1.6168e-08
xdut.x2.xu_muxdffrb_2.x2_net2                5
xdut.x2.xu_muxdffrb_2.x2_net3                5
xdut.x2.xu_muxdffrb_2.x2_net1                5
xdut.x2.shreg_4                    2.08524e-08
xdut.x2.xu_muxdffrb_3.x1_net1                5
xdut.x2.xu_muxdffrb_3.net1         2.19645e-08
xdut.x2.xu_muxdffrb_3.x1_net2                5
xdut.x2.xu_muxdffrb_3.x1_ckp       2.08524e-08
xdut.x2.xu_muxdffrb_3.x1_ckb                 5
xdut.x2.xu_muxdffrb_3.x1_net3          4.14374
xdut.x2.xu_muxdffrb_3.x1_qm        2.60779e-08
xdut.x2.xu_muxdffrb_3.x1_net4                5
xdut.x2._197_                                5
xdut.x2.xu_muxdffrb_3.x1_qs        7.29558e-08
xdut.x2.xu_muxdffrb_3.x1_net5      4.95168e-08
xdut.x2.xu_muxdffrb_3.x1_net6         0.034793
xdut.x2.xu_muxdffrb_3.x2_sb         1.6168e-08
xdut.x2.xu_muxdffrb_3.x2_net2                5
xdut.x2.xu_muxdffrb_3.x2_net3                5
xdut.x2.xu_muxdffrb_3.x2_net1                5
xdut.x2.shreg_3                    2.08524e-08
xdut.x2.xu_muxdffrb_4.x1_net1                5
xdut.x2.xu_muxdffrb_4.net1         2.19645e-08
xdut.x2.xu_muxdffrb_4.x1_net2                5
xdut.x2.xu_muxdffrb_4.x1_ckp       2.08524e-08
xdut.x2.xu_muxdffrb_4.x1_ckb                 5
xdut.x2.xu_muxdffrb_4.x1_net3          4.14374
xdut.x2.xu_muxdffrb_4.x1_qm        2.60779e-08
xdut.x2.xu_muxdffrb_4.x1_net4                5
xdut.x2._198_                                5
xdut.x2.xu_muxdffrb_4.x1_qs        7.29558e-08
xdut.x2.xu_muxdffrb_4.x1_net5      4.95168e-08
xdut.x2.xu_muxdffrb_4.x1_net6         0.034793
xdut.x2.xu_muxdffrb_4.x2_sb         1.6168e-08
xdut.x2.xu_muxdffrb_4.x2_net2                5
xdut.x2.xu_muxdffrb_4.x2_net3                5
xdut.x2.xu_muxdffrb_4.x2_net1                5
xdut.x2.shreg_2                    2.08524e-08
xdut.x2.xu_muxdffrb_5.x1_net1                5
xdut.x2.xu_muxdffrb_5.net1         2.19645e-08
xdut.x2.xu_muxdffrb_5.x1_net2                5
xdut.x2.xu_muxdffrb_5.x1_ckp       2.08524e-08
xdut.x2.xu_muxdffrb_5.x1_ckb                 5
xdut.x2.xu_muxdffrb_5.x1_net3          4.14374
xdut.x2.xu_muxdffrb_5.x1_qm        2.60779e-08
xdut.x2.xu_muxdffrb_5.x1_net4                5
xdut.x2._199_                                5
xdut.x2.xu_muxdffrb_5.x1_qs        7.29558e-08
xdut.x2.xu_muxdffrb_5.x1_net5      4.95168e-08
xdut.x2.xu_muxdffrb_5.x1_net6         0.034793
xdut.x2.xu_muxdffrb_5.x2_sb         1.6168e-08
xdut.x2.xu_muxdffrb_5.x2_net2                5
xdut.x2.xu_muxdffrb_5.x2_net3                5
xdut.x2.xu_muxdffrb_5.x2_net1                5
xdut.x2.shreg_1                    2.08524e-08
xdut.x2.xu_muxdffrb_6.x1_net1                5
xdut.x2.xu_muxdffrb_6.net1         2.19645e-08
xdut.x2.xu_muxdffrb_6.x1_net2                5
xdut.x2.xu_muxdffrb_6.x1_ckp       2.08524e-08
xdut.x2.xu_muxdffrb_6.x1_ckb                 5
xdut.x2.xu_muxdffrb_6.x1_net3          4.14374
xdut.x2.xu_muxdffrb_6.x1_qm        2.60779e-08
xdut.x2.xu_muxdffrb_6.x1_net4                5
xdut.x2._200_                                5
xdut.x2.xu_muxdffrb_6.x1_qs        7.29558e-08
xdut.x2.xu_muxdffrb_6.x1_net5      4.95168e-08
xdut.x2.xu_muxdffrb_6.x1_net6         0.034793
xdut.x2.xu_muxdffrb_6.x2_sb         1.6168e-08
xdut.x2.xu_muxdffrb_6.x2_net2                5
xdut.x2.xu_muxdffrb_6.x2_net3                5
xdut.x2.xu_muxdffrb_6.x2_net1                5
xdut.x2.shreg_0                    2.08524e-08
xdut.x2.xu_muxdffrb_7.x1_net1                5
xdut.x2.xu_muxdffrb_7.net1         2.19645e-08
xdut.x2.xu_muxdffrb_7.x1_net2                5
xdut.x2.xu_muxdffrb_7.x1_ckp       2.08524e-08
xdut.x2.xu_muxdffrb_7.x1_ckb                 5
xdut.x2.xu_muxdffrb_7.x1_net3          4.14374
xdut.x2.xu_muxdffrb_7.x1_qm        2.60779e-08
xdut.x2.xu_muxdffrb_7.x1_net4                5
xdut.x2._201_                                5
xdut.x2.xu_muxdffrb_7.x1_qs        7.29558e-08
xdut.x2.xu_muxdffrb_7.x1_net5      4.95168e-08
xdut.x2.xu_muxdffrb_7.x1_net6         0.034793
xdut.x2.xu_muxdffrb_7.x2_sb         1.6168e-08
xdut.x2.xu_muxdffrb_7.x2_net2      3.86007e-08
xdut.x2.xu_muxdffrb_7.x2_net3                5
xdut.x2.xu_muxdffrb_7.x2_net1                5
xdut.x2.sda_in_row2                          5
xdut.x2.x_401_.net1                          5
xdut.x2.bit_cnt_1                  2.08524e-08
xdut.x2._088_                                5
xdut.x2.x_402_.net1                          5
xdut.x2.x_402_.net2                    1.26844
xdut.x2._216_                                5
xdut.x2._089_                      3.74566e-08
xdut.x2.phase_1                    2.08524e-08
xdut.x2.x_403_.net1                          5
xdut.x2.x_403_.net2                    1.26844
xdut.x2.x_403_.net3                3.74566e-08
xdut.x2._090_                                5
xdut.x2.x_404_.net1                          5
xdut.x2.bit_cnt_2                  2.08524e-08
xdut.x2._091_                      2.05775e-08
xdut.x2._092_                                5
xdut.x2.x_405_.net1                6.26479e-09
xdut.x2.xu_muxdffrb_8.x1_net1                5
xdut.x2.xu_muxdffrb_8.net1         2.19645e-08
xdut.x2.xu_muxdffrb_8.x1_net2                5
xdut.x2.xu_muxdffrb_8.x1_ckp       2.08524e-08
xdut.x2.xu_muxdffrb_8.x1_ckb                 5
xdut.x2.xu_muxdffrb_8.x1_net3          4.14374
xdut.x2.xu_muxdffrb_8.x1_qm        2.60779e-08
xdut.x2.xu_muxdffrb_8.x1_net4                5
xdut.x2._202_                                5
xdut.x2.xu_muxdffrb_8.x1_qs        7.29558e-08
xdut.x2.xu_muxdffrb_8.x1_net5      4.95168e-08
xdut.x2.xu_muxdffrb_8.x1_net6         0.034793
xdut.x2.txreg_6                    2.08524e-08
xdut.x2.scl_n_row1                 2.05775e-08
xdut.x2.xu_muxdffrb_8.x2_sb         1.6168e-08
xdut.x2.xu_muxdffrb_8.x2_net2                5
xdut.x2.xu_muxdffrb_8.x2_net3                5
xdut.x2.xu_muxdffrb_8.x2_net1                5
xdut.x2.xu_muxdffrb_9.x1_net1                5
xdut.x2.xu_muxdffrb_9.net1         2.19645e-08
xdut.x2.xu_muxdffrb_9.x1_net2                5
xdut.x2.xu_muxdffrb_9.x1_ckp       2.08524e-08
xdut.x2.xu_muxdffrb_9.x1_ckb                 5
xdut.x2.xu_muxdffrb_9.x1_net3          4.14374
xdut.x2.xu_muxdffrb_9.x1_qm        2.60779e-08
xdut.x2.xu_muxdffrb_9.x1_net4                5
xdut.x2._203_                                5
xdut.x2.xu_muxdffrb_9.x1_qs        7.29558e-08
xdut.x2.xu_muxdffrb_9.x1_net5      4.95168e-08
xdut.x2.xu_muxdffrb_9.x1_net6         0.034793
xdut.x2.txreg_5                    2.08524e-08
xdut.x2.scl_n_row3                 2.05775e-08
xdut.x2.xu_muxdffrb_9.x2_sb         1.6168e-08
xdut.x2.xu_muxdffrb_9.x2_net2      3.86007e-08
xdut.x2.xu_muxdffrb_9.x2_net3                5
xdut.x2.xu_muxdffrb_9.x2_net1                5
xdut.x2.xu_muxdffrb_10.x1_net1               5
xdut.x2.xu_muxdffrb_10.net1        2.19645e-08
xdut.x2.xu_muxdffrb_10.x1_net2               5
xdut.x2.xu_muxdffrb_10.x1_ckp      2.08524e-08
xdut.x2.xu_muxdffrb_10.x1_ckb                5
xdut.x2.xu_muxdffrb_10.x1_net3         4.14374
xdut.x2.xu_muxdffrb_10.x1_qm       2.60779e-08
xdut.x2.xu_muxdffrb_10.x1_net4               5
xdut.x2._204_                                5
xdut.x2.xu_muxdffrb_10.x1_qs       7.29558e-08
xdut.x2.xu_muxdffrb_10.x1_net5     4.95168e-08
xdut.x2.xu_muxdffrb_10.x1_net6        0.034793
xdut.x2.txreg_4                    2.08524e-08
xdut.x2.xu_muxdffrb_10.x2_sb        1.6168e-08
xdut.x2.xu_muxdffrb_10.x2_net2     3.86007e-08
xdut.x2.xu_muxdffrb_10.x2_net3               5
xdut.x2.xu_muxdffrb_10.x2_net1               5
xdut.x2.xu_muxdffrb_11.x1_net1               5
xdut.x2.xu_muxdffrb_11.net1        2.19645e-08
xdut.x2.xu_muxdffrb_11.x1_net2               5
xdut.x2.xu_muxdffrb_11.x1_ckp      2.08524e-08
xdut.x2.xu_muxdffrb_11.x1_ckb                5
xdut.x2.xu_muxdffrb_11.x1_net3         4.14374
xdut.x2.xu_muxdffrb_11.x1_qm       2.60779e-08
xdut.x2.xu_muxdffrb_11.x1_net4               5
xdut.x2._205_                                5
xdut.x2.xu_muxdffrb_11.x1_qs       7.29558e-08
xdut.x2.xu_muxdffrb_11.x1_net5     4.95168e-08
xdut.x2.xu_muxdffrb_11.x1_net6        0.034793
xdut.x2.txreg_3                    2.08524e-08
xdut.x2.xu_muxdffrb_11.x2_sb        1.6168e-08
xdut.x2.xu_muxdffrb_11.x2_net2     3.86007e-08
xdut.x2.xu_muxdffrb_11.x2_net3               5
xdut.x2.xu_muxdffrb_11.x2_net1               5
xdut.x2.xu_muxdffrb_12.x1_net1               5
xdut.x2.xu_muxdffrb_12.net1        2.19645e-08
xdut.x2.xu_muxdffrb_12.x1_net2               5
xdut.x2.xu_muxdffrb_12.x1_ckp      2.08524e-08
xdut.x2.xu_muxdffrb_12.x1_ckb                5
xdut.x2.xu_muxdffrb_12.x1_net3         4.14374
xdut.x2.xu_muxdffrb_12.x1_qm       2.60779e-08
xdut.x2.xu_muxdffrb_12.x1_net4               5
xdut.x2._206_                                5
xdut.x2.xu_muxdffrb_12.x1_qs       7.29558e-08
xdut.x2.xu_muxdffrb_12.x1_net5     4.95168e-08
xdut.x2.xu_muxdffrb_12.x1_net6        0.034793
xdut.x2.txreg_2                    2.08524e-08
xdut.x2.xu_muxdffrb_12.x2_sb        1.6168e-08
xdut.x2.xu_muxdffrb_12.x2_net2     3.86007e-08
xdut.x2.xu_muxdffrb_12.x2_net3               5
xdut.x2.xu_muxdffrb_12.x2_net1               5
xdut.x2.xu_muxdffrb_13.x1_net1               5
xdut.x2.xu_muxdffrb_13.net1        2.19645e-08
xdut.x2.xu_muxdffrb_13.x1_net2               5
xdut.x2.xu_muxdffrb_13.x1_ckp      2.08524e-08
xdut.x2.xu_muxdffrb_13.x1_ckb                5
xdut.x2.xu_muxdffrb_13.x1_net3         4.14374
xdut.x2.xu_muxdffrb_13.x1_qm       2.60779e-08
xdut.x2.xu_muxdffrb_13.x1_net4               5
xdut.x2._207_                                5
xdut.x2.xu_muxdffrb_13.x1_qs       7.29558e-08
xdut.x2.xu_muxdffrb_13.x1_net5     4.95168e-08
xdut.x2.xu_muxdffrb_13.x1_net6        0.034793
xdut.x2.txreg_1                    2.08524e-08
xdut.x2.xu_muxdffrb_13.x2_sb        1.6168e-08
xdut.x2.xu_muxdffrb_13.x2_net2               5
xdut.x2.xu_muxdffrb_13.x2_net3               5
xdut.x2.xu_muxdffrb_13.x2_net1               5
xdut.x2.xu_muxdffrb_14.x1_net1               5
xdut.x2.xu_muxdffrb_14.net1        2.19645e-08
xdut.x2.xu_muxdffrb_14.x1_net2               5
xdut.x2.xu_muxdffrb_14.x1_ckp      2.08524e-08
xdut.x2.xu_muxdffrb_14.x1_ckb                5
xdut.x2.xu_muxdffrb_14.x1_net3         4.14374
xdut.x2.xu_muxdffrb_14.x1_qm       2.60779e-08
xdut.x2.xu_muxdffrb_14.x1_net4               5
xdut.x2._208_                                5
xdut.x2.xu_muxdffrb_14.x1_qs       7.29558e-08
xdut.x2.xu_muxdffrb_14.x1_net5     4.95168e-08
xdut.x2.xu_muxdffrb_14.x1_net6        0.034793
xdut.x2.txreg_0                    2.08524e-08
xdut.x2.xu_muxdffrb_14.x2_sb        1.6168e-08
xdut.x2.xu_muxdffrb_14.x2_net2               5
xdut.x2.xu_muxdffrb_14.x2_net3               5
xdut.x2.xu_muxdffrb_14.x2_net1               5
xdut.x2.x_413_.net1                          5
xdut.x2.x_413_.net2                          5
xdut.x2._093_                                5
xdut.x2.x_414_.net1                          5
xdut.x2.x_414_.net2                          5
xdut.x2._094_                      2.05775e-08
xdut.x2.x_415_.net1                          5
xdut.x2._095_                                5
xdut.x2.x_416_.net2                          5
xdut.x2.x_416_.net1                2.05775e-08
xdut.x2._096_                                5
xdut.x2.x_417_.net1                    4.97147
xdut.x2.x_417_.net2                    1.26026
xdut.x2._097_                      1.65922e-08
xdut.x2.x_418_.net2                    4.96992
xdut.x2.x_418_.net1                7.88689e-09
xdut.x2._098_                                5
xdut.x2.x_419_.net2                    1.26844
xdut.x2.x_419_.net1                3.74566e-08
xdut.x2._099_                                5
xdut.x2.x_420_.net1                          5
xdut.x2.x_420_.net4                    4.14374
xdut.x2.x_420_.net3                1.17335e-08
xdut.x2.x_420_.net2                5.86677e-09
xdut.x2._100_                      2.05775e-08
xdut.x2._101_                                5
xdut.x2.sda_in_row0                          5
xdut.x2.x_421_.net1                6.26479e-09
xdut.x2.x_422_.net1                    4.96992
xdut.x2._102_                      7.88689e-09
xdut.x2._215_                                5
xdut.x2.x_423_.net1                    1.26844
xdut.x2._103_                      3.74566e-08
xdut.x2._104_                      8.23099e-08
xdut.x2.x_424_.net1                 4.1155e-08
xdut.x2.x_425_.net1                          5
xdut.x2.x_425_.net2                          5
xdut.x2.x_425_.net4                          5
xdut.x2._105_                      2.05775e-08
xdut.x2.x_425_.net3                          5
xdut.x2.xu_muxdffrb_15.x1_net1               5
xdut.x2.xu_muxdffrb_15.net1        2.19645e-08
xdut.x2.xu_muxdffrb_15.x1_net2               5
xdut.x2.xu_muxdffrb_15.x1_ckp      2.08524e-08
xdut.x2.xu_muxdffrb_15.x1_ckb                5
xdut.x2.xu_muxdffrb_15.x1_net3         4.14374
xdut.x2.xu_muxdffrb_15.x1_qm       2.60779e-08
xdut.x2.xu_muxdffrb_15.x1_net4               5
xdut.x2.xu_muxdffrb_15.x1_qs       7.29558e-08
xdut.x2.xu_muxdffrb_15.x1_net5     4.95168e-08
xdut.x2.xu_muxdffrb_15.x1_net6        0.034793
xdut.x2.xu_muxdffrb_15.x2_sb        1.6168e-08
xdut.x2.xu_muxdffrb_15.x2_net2               5
xdut.x2.xu_muxdffrb_15.x2_net3               5
xdut.x2.xu_muxdffrb_15.x2_net1               5
xdut.x2._106_                                5
xdut.x2.x_427_.net1                    4.14374
xdut.x2._107_                                5
xdut.x2.x_428_.net1                   0.034793
xdut.x2._064_                      1.85197e-07
xdut.x2.x_429_.net1                1.23465e-07
xdut.x2.x_429_.net2                6.17324e-08
xdut.x2._108_                                5
xdut.x2.x_430_.net1                   0.034793
xdut.x2.x_431_.net1                          5
xdut.x2.x_431_.net2                          5
xdut.x2._109_                                5
xdut.x2.x_432_.net1                          5
xdut.x2._110_                      2.05775e-08
xdut.x2.x_432_.net2                6.26479e-09
xdut.x2.x_433_.net1                          5
xdut.x2._111_                                5
xdut.x2._112_                                5
xdut.x2.x_434_.net1                   0.034793
xdut.x2.x_435_.net1                          5
xdut.x2.x_435_.net2                          5
xdut.x2.x_435_.net3                          5
xdut.x2._113_                      2.05775e-08
xdut.x2.x_435_.net4                1.01169e-08
xdut.x2._114_                                5
xdut.x2.x_436_.net1                6.26479e-09
xdut.x2._065_                      8.23099e-08
xdut.x2.x_437_.net1                 4.1155e-08
xdut.x2._115_                                5
xdut.x2.x_438_.net1                   0.034793
xdut.x2._116_                      8.23099e-08
xdut.x2._212_                                5
xdut.x2.x_439_.net1                 4.1155e-08
xdut.x2._066_                                5
xdut.x2.x_440_.net1                 6.2648e-09
xdut.x2.x_441_.net1                    4.97152
xdut.x2._191_                                5
xdut.x2.x_441_.net2                     1.3056
xdut.x2._194_                                5
xdut.x2.x_441_.net4                    1.28677
xdut.x2._117_                                5
xdut.x2.x_441_.net3                2.51911e-08
xdut.x2.x_442_.net1                          5
xdut.x2.x_442_.net2                          5
xdut.x2.x_442_.net3                          5
xdut.x2._118_                      2.05775e-08
xdut.x2.xu_muxdffrb_16.x1_net1               5
xdut.x2.xu_muxdffrb_16.net1        2.19645e-08
xdut.x2.xu_muxdffrb_16.x1_net2               5
xdut.x2.xu_muxdffrb_16.x1_ckp      2.08524e-08
xdut.x2.xu_muxdffrb_16.x1_ckb                5
xdut.x2.xu_muxdffrb_16.x1_net3         4.14374
xdut.x2.xu_muxdffrb_16.x1_qm       2.60779e-08
xdut.x2.xu_muxdffrb_16.x1_net4               5
xdut.x2._213_                                5
xdut.x2.xu_muxdffrb_16.x1_qs       7.29558e-08
xdut.x2.xu_muxdffrb_16.x1_net5     4.95168e-08
xdut.x2.xu_muxdffrb_16.x1_net6        0.034793
xdut.x2.xu_muxdffrb_16.x2_sb        1.6168e-08
xdut.x2.xu_muxdffrb_16.x2_net2               5
xdut.x2.xu_muxdffrb_16.x2_net3               5
xdut.x2.xu_muxdffrb_16.x2_net1               5
xdut.x2._119_                                5
xdut.x2.x_444_.net1                   0.034793
xdut.x2.x_445_.net1                          5
xdut.x2._120_                      1.16068e-07
xdut.x2.x_445_.net4                    1.26844
xdut.x2.x_445_.net3                    4.14374
xdut.x2.x_445_.net2                5.80341e-08
xdut.x2._121_                                5
xdut.x2.x_446_.net1                 6.2648e-09
xdut.x2._068_                      8.23099e-08
xdut.x2.x_447_.net1                 4.1155e-08
xdut.x2.xu_muxdffrb_17.x1_net1               5
xdut.x2.xu_muxdffrb_17.net1        2.19645e-08
xdut.x2.xu_muxdffrb_17.x1_net2               5
xdut.x2.xu_muxdffrb_17.x1_ckp      2.08524e-08
xdut.x2.xu_muxdffrb_17.x1_ckb                5
xdut.x2.xu_muxdffrb_17.x1_net3         4.14374
xdut.x2.xu_muxdffrb_17.x1_qm       2.60779e-08
xdut.x2.xu_muxdffrb_17.x1_net4               5
xdut.x2.xu_muxdffrb_17.x1_qs       7.29558e-08
xdut.x2.xu_muxdffrb_17.x1_net5     4.95168e-08
xdut.x2.xu_muxdffrb_17.x1_net6        0.034793
xdut.nc_core_rw                    2.08524e-08
xdut.x2.xu_muxdffrb_17.x2_sb        1.6168e-08
xdut.x2.xu_muxdffrb_17.x2_net2     3.86007e-08
xdut.x2.xu_muxdffrb_17.x2_net3               5
xdut.x2.xu_muxdffrb_17.x2_net1               5
xdut.x2.x_449_.net1                    1.26844
xdut.x2._122_                      3.74566e-08
xdut.x2.x_450_.net1                    1.26844
xdut.x2._123_                      3.74566e-08
xdut.x2.x_451_.net1                          5
xdut.x2.x_451_.net2                          5
xdut.x2.x_451_.net3                    1.26844
xdut.x2._124_                      3.74566e-08
xdut.x2.x_452_.net1                    1.26844
xdut.x2._070_                      3.74566e-08
xdut.x2.xu_muxdffrb_18.x1_net1               5
xdut.x2.xu_muxdffrb_18.net1        2.19645e-08
xdut.x2.xu_muxdffrb_18.x1_net2               5
xdut.x2.xu_muxdffrb_18.x1_ckp      2.08524e-08
xdut.x2.xu_muxdffrb_18.x1_ckb                5
xdut.x2.xu_muxdffrb_18.x1_net3         4.14374
xdut.x2.xu_muxdffrb_18.x1_qm       2.60779e-08
xdut.x2.xu_muxdffrb_18.x1_net4               5
xdut.x2._217_                                5
xdut.x2.xu_muxdffrb_18.x1_qs       7.29558e-08
xdut.x2.xu_muxdffrb_18.x1_net5     4.95168e-08
xdut.x2.xu_muxdffrb_18.x1_net6        0.034793
xdut.x2.txreg_7                    2.08524e-08
xdut.x2.xu_muxdffrb_18.x2_sb        1.6168e-08
xdut.x2.xu_muxdffrb_18.x2_net2               5
xdut.x2.xu_muxdffrb_18.x2_net3               5
xdut.x2.xu_muxdffrb_18.x2_net1               5
xdut.x2.xu_muxdffrb_19.x1_net1               5
xdut.x2.xu_muxdffrb_19.net1        2.19645e-08
xdut.x2.xu_muxdffrb_19.x1_net2               5
xdut.x2.xu_muxdffrb_19.x1_ckp      2.08524e-08
xdut.x2.xu_muxdffrb_19.x1_ckb                5
xdut.x2.xu_muxdffrb_19.x1_net3         4.14374
xdut.x2.xu_muxdffrb_19.x1_qm       2.60779e-08
xdut.x2.xu_muxdffrb_19.x1_net4               5
xdut.x2._188_                                5
xdut.x2.xu_muxdffrb_19.x1_qs       7.29558e-08
xdut.x2.xu_muxdffrb_19.x1_net5     4.95168e-08
xdut.x2.xu_muxdffrb_19.x1_net6        0.034793
xdut.x2.xu_muxdffrb_19.x2_sb        1.6168e-08
xdut.x2.xu_muxdffrb_19.x2_net2               5
xdut.x2.xu_muxdffrb_19.x2_net3               5
xdut.x2.xu_muxdffrb_19.x2_net1               5
xdut.x2.shreg_6                    2.08524e-08
xdut.x2.x_455_.sb                            5
xdut.x2.x_455_.net2                          5
xdut.x2.x_455_.net3                          5
xdut.x2.x_455_.net1                          5
xdut.x2._125_                      2.19645e-08
xdut.x2._126_                                5
xdut.x2.x_456_.net1                6.26479e-09
xdut.x2.x_457_.sb                            5
xdut.x2.x_457_.net2                          5
xdut.x2.x_457_.net3                          5
xdut.x2.x_457_.net1                          5
xdut.x2._127_                      2.19645e-08
xdut.x2._128_                                5
xdut.x2.x_458_.net1                   0.034793
xdut.x2._129_                                5
xdut.x2.x_459_.net1                    4.10022
xdut.x2.x_459_.net2                    4.08139
xdut.x2._130_                                5
xdut.x2.x_460_.net1                   0.034793
xdut.x2.x_461_.sb                            5
xdut.x2.x_461_.net2                          5
xdut.x2.x_461_.net3                          5
xdut.x2.x_461_.net1                          5
xdut.x2._131_                      2.19645e-08
xdut.x2.x_462_.sb                            5
xdut.x2.x_462_.net2                          5
xdut.x2.x_462_.net3                          5
xdut.x2.x_462_.net1                          5
xdut.x2._132_                      2.19645e-08
xdut.x2.x_463_.sb                   1.6168e-08
xdut.x2.x_463_.net2                          5
xdut.x2.x_463_.net3                          5
xdut.x2.x_463_.net1                          5
xdut.x2._133_                      2.19645e-08
xdut.x2.x_464_.net1                    1.26844
xdut.x2._134_                      3.74566e-08
xdut.x2.x_465_.net1                    4.96992
xdut.x2._135_                       7.8869e-09
xdut.x2.x_466_.net1                          5
xdut.x2.x_466_.net2                          5
xdut.x2._136_                                5
xdut.x2._005_                        8.231e-08
xdut.x2.x_467_.net1                 4.1155e-08
xdut.x2.x_468_.net1                    4.97069
xdut.x2._211_                                5
xdut.x2.x_468_.net2                    4.97069
xdut.x2._004_                       7.9283e-09
xdut.x2._214_                                5
xdut.x2.x_469_.net1                          5
xdut.x2.x_469_.net2                    4.14374
xdut.x2.x_470_.net1                    4.96992
xdut.x2._144_                       7.8869e-09
xdut.x2._137_                                5
xdut.x2.x_471_.net1                1.25296e-08
xdut.x2.x_471_.net2                6.26479e-09
xdut.x2._077_                                5
xdut.x2.x_472_.net1                    4.14374
xdut.x2.x_505_.net1                    1.34474
xdut.x2.x_505_.net2                8.60377e-08
xdut.x2.x_505_.ckp                 2.08524e-08
xdut.x2.x_505_.ckb                           5
xdut.x2.x_505_.net3                4.30189e-08
xdut.x2.x_505_.qm                            5
xdut.x2.x_505_.net4                2.60779e-08
xdut.x2.x_505_.qs                  9.07633e-08
xdut.x2.x_505_.net5                5.84206e-08
xdut.x2.x_505_.net6                   0.034793
xdut.x2.x_506_.net1                          5
xdut.x2.x_506_.net2                          5
xdut.x2.x_506_.ckp                 2.08524e-08
xdut.x2.x_506_.ckb                           5
xdut.x2.x_506_.net3                    4.14374
xdut.x2.x_506_.qm                  2.60779e-08
xdut.x2.x_506_.net4                          5
xdut.x2.x_506_.qs                  7.29558e-08
xdut.x2.x_506_.net5                4.95168e-08
xdut.x2.x_506_.net6                   0.034793
xdut.x2.x_507_.net1                          5
xdut.x2.x_507_.net2                          5
xdut.x2.x_507_.ckp                 2.08524e-08
xdut.x2.x_507_.ckb                           5
xdut.x2.x_507_.net3                    4.14374
xdut.x2.x_507_.qm                  2.60779e-08
xdut.x2.x_507_.net4                          5
xdut.x2.x_507_.qs                  7.29558e-08
xdut.x2.x_507_.net5                4.95168e-08
xdut.x2.x_507_.net6                   0.034793
xdut.x2.x_509_.net1                          5
xdut.x2.x_509_.net2                          5
xdut.x2.x_509_.ckp                 2.08524e-08
xdut.x2.x_509_.ckb                           5
xdut.x2.x_509_.net3                    4.14374
xdut.x2.x_509_.qm                  2.60779e-08
xdut.x2.x_509_.net4                          5
xdut.x2.x_509_.qs                  7.29558e-08
xdut.x2.x_509_.net5                4.95168e-08
xdut.x2.x_509_.net6                   0.034793
xdut.x2.x_511_.net1                          5
xdut.x2.x_511_.net2                          5
xdut.x2.x_511_.ckp                 2.08524e-08
xdut.x2.x_511_.ckb                           5
xdut.x2.x_511_.net3                    4.14374
xdut.x2.x_511_.qm                  2.60779e-08
xdut.x2.x_511_.net4                          5
xdut.x2.x_511_.qs                  7.29558e-08
xdut.x2.x_511_.net5                4.95168e-08
xdut.x2.x_511_.net6                   0.034793
xdut.x2.x_528_.net1                          5
xdut.x2.x_528_.net2                          5
xdut.x2.x_528_.ckp                 2.08524e-08
xdut.x2.x_528_.ckb                           5
xdut.x2.x_528_.net3                    4.14374
xdut.x2.x_528_.qm                  2.60779e-08
xdut.x2.x_528_.net4                          5
xdut.x2.x_528_.qs                  7.29558e-08
xdut.x2.x_528_.net5                4.95168e-08
xdut.x2.x_528_.net6                   0.034793
xdut.x2.sda_oe_r                   2.08524e-08
xdut.x2.scl_n_row2                 2.05775e-08
xdut.x2.x_529_.net1                          5
xdut.x2.x_529_.net2                          5
xdut.x2.x_529_.ckp                 2.08524e-08
xdut.x2.x_529_.ckb                           5
xdut.x2.x_529_.net3                    4.14374
xdut.x2.x_529_.qm                  2.60779e-08
xdut.x2.x_529_.net4                          5
xdut.x2._186_                                5
xdut.x2.x_529_.qs                  7.29558e-08
xdut.x2.x_529_.net5                4.95168e-08
xdut.x2.x_529_.net6                   0.034793
xdut.x2.x_530_.net1                    1.34474
xdut.x2.sda_in_row3                          5
xdut.x2.x_530_.net2                8.60377e-08
xdut.x2.x_530_.ckp                 2.08524e-08
xdut.x2.x_530_.ckb                           5
xdut.x2.x_530_.net3                4.30189e-08
xdut.x2.x_530_.qm                            5
xdut.x2.x_530_.net4                2.60779e-08
xdut.x2._192_                                5
xdut.x2.x_530_.qs                  9.07633e-08
xdut.x2.x_530_.net5                5.84206e-08
xdut.x2.x_530_.net6                   0.034793
xdut.x2.x_531_.net1                          5
xdut.x2.x_531_.net2                          5
xdut.x2.x_531_.ckp                 2.08524e-08
xdut.x2.x_531_.ckb                           5
xdut.x2.x_531_.net3                    4.14374
xdut.x2.x_531_.qm                  2.60779e-08
xdut.x2.x_531_.net4                          5
xdut.x2._189_                                5
xdut.x2.x_531_.qs                  7.29558e-08
xdut.x2.x_531_.net5                4.95168e-08
xdut.x2.x_531_.net6                   0.034793
xdut.x2.x_532_.net1                          5
xdut.x2.x_532_.net2                          5
xdut.x2.x_532_.ckp                 2.08524e-08
xdut.x2.x_532_.ckb                           5
xdut.x2.x_532_.net3                    4.14374
xdut.x2.x_532_.qm                  2.60779e-08
xdut.x2.x_532_.net4                          5
xdut.x2._190_                                5
xdut.x2.x_532_.qs                  7.29558e-08
xdut.x2.x_532_.net5                4.95168e-08
xdut.x2.x_532_.net6                   0.034793
xdut.x2.x_533_.net1                          5
xdut.x2.x_533_.net2                          5
xdut.x2.x_533_.ckp                 2.08524e-08
xdut.x2.x_533_.ckb                           5
xdut.x2.x_533_.net3                    4.14374
xdut.x2.x_533_.qm                  2.60779e-08
xdut.x2.x_533_.net4                          5
xdut.x2._193_                                5
xdut.x2.x_533_.qs                  7.29558e-08
xdut.x2.x_533_.net5                4.95168e-08
xdut.x2.x_533_.net6                   0.034793
xdut.x2.x_534_.net1                          5
xdut.x2.x_534_.net2                          5
xdut.x2.x_534_.ckp                 2.08524e-08
xdut.x2.x_534_.ckb                           5
xdut.x2.x_534_.net3                    4.14374
xdut.x2.x_534_.qm                  2.60779e-08
xdut.x2.x_534_.net4                          5
xdut.x2.x_534_.qs                  7.29558e-08
xdut.x2.x_534_.net5                4.95168e-08
xdut.x2.x_534_.net6                   0.034793
xdut.x2.x_535_.net1                          5
xdut.x2.x_535_.net2                          5
xdut.x2.x_535_.ckp                 2.08524e-08
xdut.x2.x_535_.ckb                           5
xdut.x2.x_535_.net3                    4.14374
xdut.x2.x_535_.qm                  2.60779e-08
xdut.x2.x_535_.net4                          5
xdut.x2._218_                                5
xdut.x2.x_535_.qs                  7.29558e-08
xdut.x2.x_535_.net5                4.95168e-08
xdut.x2.x_535_.net6                   0.034793
xdut.x2.x_536_.net1                          5
xdut.x2.x_536_.net2                          5
xdut.x2.x_536_.ckp                 2.08524e-08
xdut.x2.x_536_.ckb                           5
xdut.x2.x_536_.net3                    4.14374
xdut.x2.x_536_.qm                  2.60779e-08
xdut.x2.x_536_.net4                          5
xdut.x2.x_536_.qs                  7.29558e-08
xdut.x2.x_536_.net5                4.95168e-08
xdut.x2.x_536_.net6                   0.034793
xdut.x2.scl_n                      2.05775e-08
xdut.x2.xu_rslatch_1.x1_net1           4.96992
xdut.x2.qn                                   5
xdut.x2.xu_rslatch_1.x2_net1                 5
xdut.x2.xu_rslatch_2.x1_net1                 5
xdut.x2.rst_stretch_qn              7.8869e-09
xdut.x2.xu_rslatch_2.x2_net1           4.96992
xdut.x2.sda_lat_en                           5
xdut.x2.xu_sda_lat_en.net1             4.14374
xdut.x2.xu_rslatch_3.x1_net1                 5
xdut.x2.r_in                       2.05775e-08
xdut.x2.qn_sda                      7.8869e-09
xdut.x2.xu_rslatch_3.x2_net1           4.96992
xdut.x2.s_in                                 5
xdut.x2.xu_sda_r.net1                        5
xdut.x2.sda_target_n               2.05775e-08
xdut.x2.xu_sda_r.net2              6.26479e-09
xdut.x2.xu_sda_s.net1              8.23099e-08
xdut.x2.sda_target                           5
xdut.x2.xu_sda_s.net2               4.1155e-08
xdut.x2.xu_sda_target.sb                     5
xdut.x2.xu_sda_target.net2         5.13295e-08
xdut.x2.xu_sda_target.net3         7.47706e-08
xdut.x2.xu_sda_target.net1         2.78885e-08
xdut.x2.xu_buf_scl_row1.net1       2.05775e-08
xdut.x2.scl_buf                              5
xdut.x2.xu_buf_scl_n_row1.net1               5
xdut.x2.xu_buf_scl_n_row2.net1               5
xdut.x2.xu_buf_scl_n_row3.net1               5
xdut.x2.xu_bufth_scl.mid           4.02692e-08
xdut.x2.xu_bufth_scl.net1              1.27314
xdut.x2.xu_bufth_scl.net2          2.85498e-08
xdut.x2.xu_bufth_sda_in.mid        4.05315e-08
xdut.x2.xu_bufth_sda_in.net1            1.2772
xdut.x2.sda_in_buf                           5
xdut.x2.xu_bufth_sda_in.net2       2.87358e-08
xdut.x2.xu_buf_sda_in_row0.net1     2.05775e-08
xdut.x2.xu_buf_sda_in_row1.net1     2.05775e-08
xdut.x2.xu_buf_sda_in_row2.net1     2.05775e-08
xdut.x2.xu_buf_sda_in_row3.net1     2.05775e-08
vsda_ctrl#branch                             0
vscl#branch                       -1.04426e-11
vtx7#branch                        2.26037e-10
vtx6#branch                        2.26037e-10
vtx5#branch                       -1.04426e-11
vtx4#branch                       -1.04426e-11
vtx3#branch                       -1.04426e-11
vtx2#branch                       -1.04426e-11
vtx1#branch                        2.26037e-10
vtx0#branch                        2.26037e-10
vdis#branch                       -1.90041e-11
vrstn#branch                       2.26037e-10
vvss#branch                        1.80383e-09
vvdd#branch                       -4.95926e-06

 Reference value :  5.77632e-07 Reference value :  6.96687e-06 Reference value :  1.20062e-05 Reference value :  1.68605e-05 Reference value :  1.92647e-05 Reference value :  2.22673e-05 Reference value :  2.69837e-05 Reference value :  3.19448e-05 Reference value :  3.48713e-05 Reference value :  3.70018e-05 Reference value :  4.19749e-05 Reference value :  4.22669e-05 Reference value :  4.69734e-05 Reference value :  5.07922e-05 Reference value :  5.69820e-05 Reference value :  6.23000e-05 Reference value :  6.69966e-05 Reference value :  7.20006e-05 Reference value :  7.71803e-05 Reference value :  8.63250e-05 Reference value :  8.83489e-05 Reference value :  9.54138e-05 Reference value :  9.70000e-05 Reference value :  1.02003e-04 Reference value :  1.06982e-04 Reference value :  1.12232e-04 Reference value :  1.16903e-04 Reference value :  1.21975e-04 Reference value :  1.25821e-04 Reference value :  1.31974e-04 Reference value :  1.32280e-04 Reference value :  1.37402e-04 Reference value :  1.42169e-04 Reference value :  1.47003e-04 Reference value :  1.51991e-04 Reference value :  1.53270e-04 Reference value :  1.60911e-04 Reference value :  1.62271e-04 Reference value :  1.66999e-04 Reference value :  1.71975e-04 Reference value :  1.72313e-04 Reference value :  1.77005e-04 Reference value :  1.83375e-04 Reference value :  1.88851e-04 Reference value :  1.91998e-04 Reference value :  1.92261e-04 Reference value :  1.96999e-04 Reference value :  2.02005e-04 Reference value :  2.12075e-04 Reference value :  2.16979e-04 Reference value :  2.22000e-04 Reference value :  2.26470e-04 Reference value :  2.31976e-04 Reference value :  2.33879e-04 Reference value :  2.41983e-04 Reference value :  2.46721e-04 Reference value :  2.51991e-04 Reference value :  2.55182e-04 Reference value :  2.61972e-04 Reference value :  2.66982e-04 Reference value :  2.72425e-04 Reference value :  2.76997e-04 Reference value :  2.81985e-04 Reference value :  2.86982e-04 Reference value :  2.91979e-04 Reference value :  2.92284e-04 Reference value :  2.96984e-04 Reference value :  3.01970e-04 Reference value :  3.02575e-04 Reference value :  3.06997e-04 Reference value :  3.10721e-04 Reference value :  3.12000e-04 Reference value :  3.16969e-04 Reference value :  3.17016e-04 Reference value :  3.22775e-04 Reference value :  3.26996e-04 Reference value :  3.31937e-04 Reference value :  3.32036e-04 Reference value :  3.36982e-04 Reference value :  3.42425e-04 Reference value :  3.46992e-04 Reference value :  3.49887e-04 Reference value :  3.56982e-04 Reference value :  3.62207e-04 Reference value :  3.67004e-04 Reference value :  3.71991e-04 Reference value :  3.73875e-04 Reference value :  3.76988e-04 Reference value :  3.80736e-04 Reference value :  3.86969e-04 Reference value :  3.87018e-04 Reference value :  3.91999e-04 Reference value :  3.95125e-04 Reference value :  3.97002e-04 Reference value :  4.01993e-04 Reference value :  4.05022e-04 Reference value :  4.07004e-04 Reference value :  4.12010e-04 Reference value :  4.21825e-04 Reference value :  4.26978e-04 Reference value :  4.31984e-04 Reference value :  4.36973e-04 Reference value :  4.40822e-04 Reference value :  4.46825e-04 Reference value :  4.51961e-04 Reference value :  4.52300e-04 Reference value :  4.56974e-04 Reference value :  4.59327e-04 Reference value :  4.62001e-04 Reference value :  4.64078e-04 Reference value :  4.71013e-04 Reference value :  4.76969e-04 Reference value :  4.79662e-04 Reference value :  4.86575e-04 Reference value :  4.87011e-04 Reference value :  4.91997e-04 Reference value :  4.95468e-04 Reference value :  5.01642e-04 Reference value :  5.02420e-04 Reference value :  5.07011e-04 Reference value :  5.11997e-04 Reference value :  5.14674e-04 Reference value :  5.16997e-04 Reference value :  5.21976e-04 Reference value :  5.23927e-04 Reference value :  5.26999e-04 Reference value :  5.32004e-04 Reference value :  5.41963e-04
No. of Data Rows : 18097

  Measurements for Transient Analysis

busy_after_start    =  5.00000e+00
ack_addr_write      =  4.44619e-02
addr_match_write    =  5.00000e+00
rw_write            =  2.63403e-08
ack_data            =  4.44619e-02
rx_data_bit0        =  5.00000e+00
rx_data_bit1        =  2.08525e-08
rx_data_bit2        =  5.00000e+00
rx_data_bit3        =  2.08525e-08
rx_data_bit4        =  2.08526e-08
rx_data_bit5        =  5.00000e+00
rx_data_bit6        =  2.08525e-08
rx_data_bit7        =  5.00000e+00
busy_after_stop1    =  6.47119e-08
ack_addr_read       =  4.44619e-02
rw_read             =  5.00000e+00
read_byte_bit0      =  4.44619e-02
read_byte_bit1      =  4.44619e-02
read_byte_bit2      =  4.95050e+00
read_byte_bit3      =  4.95050e+00
read_byte_bit4      =  4.95050e+00
read_byte_bit5      =  4.95050e+00
read_byte_bit6      =  4.44619e-02
read_byte_bit7      =  4.44619e-02
busy_after_stop2    =  6.47176e-08
nack_wrong_addr     =  4.95050e+00
addr_match_wrong    =  2.06406e-08
busy_after_stop3    =  6.47128e-08
rxe_i7_pre50n_sel_087=  5.00000e+00
rxe_i7_pre50n_last_bit_pending=  4.97955e-08
rxe_i7_pre50n_shreg_0=  1.86143e-08
rxe_i7_pre50n_shreg_1=  3.31197e-08
rxe_i7_pre50n_shreg_2=  -1.75035e-07
rxe_i7_pre50n_shreg_3=  4.14264e-08
rxe_i7_pre50n_shreg_4=  1.93911e-08
rxe_i7_pre50n_shreg_5=  -3.40039e-07
rxe_i7_pre50n_shreg_6=  5.00000e+00
rxe_i7_pre50n_sda_in_row2=  5.00000e+00
rxe_i7_pre50n_scl_row1=  -6.30578e-08
rxe_i7_post50n_sel_087=  5.00000e+00
rxe_i7_post50n_last_bit_pending=  5.00123e-08
rxe_i7_post50n_shreg_0=  5.00000e+00
rxe_i7_post50n_shreg_1=  -4.23957e-08
rxe_i7_post50n_shreg_2=  -5.01058e-05
rxe_i7_post50n_shreg_3=  -4.24336e-08
rxe_i7_post50n_shreg_4=  1.88695e-08
rxe_i7_post50n_shreg_5=  -1.00280e-04
rxe_i7_post50n_shreg_6=  2.77068e-08
rxe_i7_post50n_sda_in_row2=  5.00000e+00
rxe_i7_post50n_scl_row1=  5.00000e+00
rxe_i7_post500n_sel_087=  5.00000e+00
rxe_i7_post500n_last_bit_pending=  4.77861e-08
rxe_i7_post500n_shreg_0=  5.00000e+00
rxe_i7_post500n_shreg_1=  -4.25514e-08
rxe_i7_post500n_shreg_2=  -4.49137e-06
rxe_i7_post500n_shreg_3=  -4.24330e-08
rxe_i7_post500n_shreg_4=  1.87020e-08
rxe_i7_post500n_shreg_5=  -9.05826e-06
rxe_i7_post500n_shreg_6=  2.14741e-08
rxe_i7_post500n_sda_in_row2=  5.00000e+00
rxe_i7_post500n_scl_row1=  5.00000e+00
rxe_i6_pre50n_sel_087=  5.00000e+00
rxe_i6_pre50n_last_bit_pending=  3.38232e-08
rxe_i6_pre50n_shreg_0=  5.00000e+00
rxe_i6_pre50n_shreg_1=  -2.45014e-08
rxe_i6_pre50n_shreg_2=  -1.74790e-07
rxe_i6_pre50n_shreg_3=  -1.93355e-08
rxe_i6_pre50n_shreg_4=  1.94295e-08
rxe_i6_pre50n_shreg_5=  -3.64454e-07
rxe_i6_pre50n_shreg_6=  2.08537e-08
rxe_i6_pre50n_sda_in_row2=  2.05803e-08
rxe_i6_pre50n_scl_row1=  9.06109e-10
rxe_i6_post50n_sel_087=  5.00000e+00
rxe_i6_post50n_last_bit_pending=  3.42678e-08
rxe_i6_post50n_shreg_0=  2.49527e-08
rxe_i6_post50n_shreg_1=  5.00000e+00
rxe_i6_post50n_shreg_2=  -1.84160e-07
rxe_i6_post50n_shreg_3=  1.58058e-08
rxe_i6_post50n_shreg_4=  1.84287e-08
rxe_i6_post50n_shreg_5=  -3.89515e-07
rxe_i6_post50n_shreg_6=  2.07944e-08
rxe_i6_post50n_sda_in_row2=  2.06735e-08
rxe_i6_post50n_scl_row1=  5.00003e+00
rxe_i6_post500n_sel_087=  5.00000e+00
rxe_i6_post500n_last_bit_pending=  3.29662e-08
rxe_i6_post500n_shreg_0=  1.66793e-08
rxe_i6_post500n_shreg_1=  5.00000e+00
rxe_i6_post500n_shreg_2=  -1.81866e-07
rxe_i6_post500n_shreg_3=  2.11229e-08
rxe_i6_post500n_shreg_4=  1.88391e-08
rxe_i6_post500n_shreg_5=  -3.80274e-07
rxe_i6_post500n_shreg_6=  2.10123e-08
rxe_i6_post500n_sda_in_row2=  2.04304e-08
rxe_i6_post500n_scl_row1=  5.00000e+00
rxe_i5_pre50n_sel_087=  5.00000e+00
rxe_i5_pre50n_last_bit_pending=  2.85210e-08
rxe_i5_pre50n_shreg_0=  1.85462e-08
rxe_i5_pre50n_shreg_1=  5.00000e+00
rxe_i5_pre50n_shreg_2=  -7.01948e-08
rxe_i5_pre50n_shreg_3=  3.31070e-08
rxe_i5_pre50n_shreg_4=  1.94682e-08
rxe_i5_pre50n_shreg_5=  -1.61242e-07
rxe_i5_pre50n_shreg_6=  2.08503e-08
rxe_i5_pre50n_sda_in_row2=  5.00000e+00
rxe_i5_pre50n_scl_row1=  1.73045e-08
rxe_i5_post50n_sel_087=  5.00000e+00
rxe_i5_post50n_last_bit_pending=  3.85327e-08
rxe_i5_post50n_shreg_0=  5.00000e+00
rxe_i5_post50n_shreg_1=  -5.63727e-08
rxe_i5_post50n_shreg_2=  5.00000e+00
rxe_i5_post50n_shreg_3=  -5.72713e-08
rxe_i5_post50n_shreg_4=  2.01891e-08
rxe_i5_post50n_shreg_5=  1.26240e-08
rxe_i5_post50n_shreg_6=  2.22216e-08
rxe_i5_post50n_sda_in_row2=  5.00000e+00
rxe_i5_post50n_scl_row1=  5.00000e+00
rxe_i5_post500n_sel_087=  5.00000e+00
rxe_i5_post500n_last_bit_pending=  3.03588e-08
rxe_i5_post500n_shreg_0=  5.00000e+00
rxe_i5_post500n_shreg_1=  -5.73980e-08
rxe_i5_post500n_shreg_2=  5.00000e+00
rxe_i5_post500n_shreg_3=  -5.82830e-08
rxe_i5_post500n_shreg_4=  1.87149e-08
rxe_i5_post500n_shreg_5=  2.46863e-08
rxe_i5_post500n_shreg_6=  2.08720e-08
rxe_i5_post500n_sda_in_row2=  5.00000e+00
rxe_i5_post500n_scl_row1=  5.00000e+00
rxe_i4_pre50n_sel_087=  5.00000e+00
rxe_i4_pre50n_last_bit_pending=  2.59076e-08
rxe_i4_pre50n_shreg_0=  5.00000e+00
rxe_i4_pre50n_shreg_1=  1.54045e-08
rxe_i4_pre50n_shreg_2=  5.00000e+00
rxe_i4_pre50n_shreg_3=  -3.73972e-08
rxe_i4_pre50n_shreg_4=  1.95114e-08
rxe_i4_pre50n_shreg_5=  4.59652e-08
rxe_i4_pre50n_shreg_6=  2.08536e-08
rxe_i4_pre50n_sda_in_row2=  2.05800e-08
rxe_i4_pre50n_scl_row1=  -4.83602e-09
rxe_i4_post50n_sel_087=  5.00000e+00
rxe_i4_post50n_last_bit_pending=  2.67825e-08
rxe_i4_post50n_shreg_0=  1.24043e-07
rxe_i4_post50n_shreg_1=  4.99996e+00
rxe_i4_post50n_shreg_2=  3.42970e-05
rxe_i4_post50n_shreg_3=  4.99998e+00
rxe_i4_post50n_shreg_4=  4.01832e-08
rxe_i4_post50n_shreg_5=  -6.62810e-06
rxe_i4_post50n_shreg_6=  2.86396e-08
rxe_i4_post50n_sda_in_row2=  2.08990e-08
rxe_i4_post50n_scl_row1=  5.00003e+00
rxe_i4_post500n_sel_087=  5.00000e+00
rxe_i4_post500n_last_bit_pending=  2.62964e-08
rxe_i4_post500n_shreg_0=  -1.39908e-07
rxe_i4_post500n_shreg_1=  4.99999e+00
rxe_i4_post500n_shreg_2=  3.44801e-06
rxe_i4_post500n_shreg_3=  5.00000e+00
rxe_i4_post500n_shreg_4=  -1.32579e-08
rxe_i4_post500n_shreg_5=  -5.76111e-07
rxe_i4_post500n_shreg_6=  1.77260e-08
rxe_i4_post500n_sda_in_row2=  2.01446e-08
rxe_i4_post500n_scl_row1=  5.00000e+00
rxe_i3_pre50n_sel_087=  5.00000e+00
rxe_i3_pre50n_last_bit_pending=  2.43312e-08
rxe_i3_pre50n_shreg_0=  1.86072e-08
rxe_i3_pre50n_shreg_1=  5.00000e+00
rxe_i3_pre50n_shreg_2=  9.02212e-09
rxe_i3_pre50n_shreg_3=  5.00000e+00
rxe_i3_pre50n_shreg_4=  1.95799e-08
rxe_i3_pre50n_shreg_5=  -1.17524e-07
rxe_i3_pre50n_shreg_6=  2.08548e-08
rxe_i3_pre50n_sda_in_row2=  2.05775e-08
rxe_i3_pre50n_scl_row1=  -6.43639e-08
rxe_i3_post50n_sel_087=  5.00000e+00
rxe_i3_post50n_last_bit_pending=  2.51347e-08
rxe_i3_post50n_shreg_0=  1.83883e-08
rxe_i3_post50n_shreg_1=  1.71240e-08
rxe_i3_post50n_shreg_2=  5.00000e+00
rxe_i3_post50n_shreg_3=  1.83593e-08
rxe_i3_post50n_shreg_4=  5.00000e+00
rxe_i3_post50n_shreg_5=  3.24558e-08
rxe_i3_post50n_shreg_6=  2.12045e-08
rxe_i3_post50n_sda_in_row2=  2.05818e-08
rxe_i3_post50n_scl_row1=  5.00000e+00
rxe_i3_post500n_sel_087=  5.00000e+00
rxe_i3_post500n_last_bit_pending=  2.36691e-08
rxe_i3_post500n_shreg_0=  1.86413e-08
rxe_i3_post500n_shreg_1=  2.42405e-08
rxe_i3_post500n_shreg_2=  5.00000e+00
rxe_i3_post500n_shreg_3=  2.22992e-08
rxe_i3_post500n_shreg_4=  5.00000e+00
rxe_i3_post500n_shreg_5=  2.90772e-08
rxe_i3_post500n_shreg_6=  2.05211e-08
rxe_i3_post500n_sda_in_row2=  2.05686e-08
rxe_i3_post500n_scl_row1=  5.00000e+00
rxe_i2_pre50n_sel_087=  5.00000e+00
rxe_i2_pre50n_last_bit_pending=  2.32631e-08
rxe_i2_pre50n_shreg_0=  1.85573e-08
rxe_i2_pre50n_shreg_1=  8.38687e-08
rxe_i2_pre50n_shreg_2=  5.00000e+00
rxe_i2_pre50n_shreg_3=  8.38685e-08
rxe_i2_pre50n_shreg_4=  5.00000e+00
rxe_i2_pre50n_shreg_5=  4.33581e-08
rxe_i2_pre50n_shreg_6=  2.08503e-08
rxe_i2_pre50n_sda_in_row2=  5.00000e+00
rxe_i2_pre50n_scl_row1=  2.94323e-08
rxe_i2_post50n_sel_087=  5.00000e+00
rxe_i2_post50n_last_bit_pending=  1.46357e-08
rxe_i2_post50n_shreg_0=  4.99998e+00
rxe_i2_post50n_shreg_1=  -7.03786e-05
rxe_i2_post50n_shreg_2=  -3.47606e-05
rxe_i2_post50n_shreg_3=  4.99996e+00
rxe_i2_post50n_shreg_4=  2.37283e-08
rxe_i2_post50n_shreg_5=  4.99999e+00
rxe_i2_post50n_shreg_6=  2.21832e-08
rxe_i2_post50n_sda_in_row2=  5.00000e+00
rxe_i2_post50n_scl_row1=  5.00000e+00
rxe_i2_post500n_sel_087=  5.00000e+00
rxe_i2_post500n_last_bit_pending=  2.01534e-08
rxe_i2_post500n_shreg_0=  5.00000e+00
rxe_i2_post500n_shreg_1=  -8.37374e-06
rxe_i2_post500n_shreg_2=  -4.22437e-06
rxe_i2_post500n_shreg_3=  5.00000e+00
rxe_i2_post500n_shreg_4=  2.34593e-08
rxe_i2_post500n_shreg_5=  5.00000e+00
rxe_i2_post500n_shreg_6=  2.05862e-08
rxe_i2_post500n_sda_in_row2=  5.00000e+00
rxe_i2_post500n_scl_row1=  5.00000e+00
rxe_i1_pre50n_sel_087=  5.00000e+00
rxe_i1_pre50n_last_bit_pending=  2.25322e-08
rxe_i1_pre50n_shreg_0=  5.00000e+00
rxe_i1_pre50n_shreg_1=  -5.12695e-07
rxe_i1_pre50n_shreg_2=  -1.85538e-07
rxe_i1_pre50n_shreg_3=  5.00000e+00
rxe_i1_pre50n_shreg_4=  1.84587e-08
rxe_i1_pre50n_shreg_5=  5.00000e+00
rxe_i1_pre50n_shreg_6=  2.08537e-08
rxe_i1_pre50n_sda_in_row2=  2.05796e-08
rxe_i1_pre50n_scl_row1=  -7.09398e-09
rxe_i1_post50n_sel_087=  3.60687e-05
rxe_i1_post50n_last_bit_pending=  4.99997e+00
rxe_i1_post50n_shreg_0=  -1.20939e-07
rxe_i1_post50n_shreg_1=  4.99999e+00
rxe_i1_post50n_shreg_2=  -6.18961e-08
rxe_i1_post50n_shreg_3=  -1.13100e-07
rxe_i1_post50n_shreg_4=  5.00000e+00
rxe_i1_post50n_shreg_5=  -6.35741e-08
rxe_i1_post50n_shreg_6=  5.00000e+00
rxe_i1_post50n_sda_in_row2=  1.36263e-09
rxe_i1_post50n_scl_row1=  5.00003e+00
rxe_i1_post500n_sel_087=  2.77231e-06
rxe_i1_post500n_last_bit_pending=  5.00000e+00
rxe_i1_post500n_shreg_0=  3.64195e-09
rxe_i1_post500n_shreg_1=  5.00000e+00
rxe_i1_post500n_shreg_2=  -2.78986e-10
rxe_i1_post500n_shreg_3=  4.97882e-09
rxe_i1_post500n_shreg_4=  5.00000e+00
rxe_i1_post500n_shreg_5=  1.70855e-09
rxe_i1_post500n_shreg_6=  5.00000e+00
rxe_i1_post500n_sda_in_row2=  1.56358e-08
rxe_i1_post500n_scl_row1=  5.00000e+00
rxe_i0_pre50n_sel_087=  2.06056e-07
rxe_i0_pre50n_last_bit_pending=  5.00000e+00
rxe_i0_pre50n_shreg_0=  8.39273e-08
rxe_i0_pre50n_shreg_1=  5.00000e+00
rxe_i0_pre50n_shreg_2=  1.84570e-08
rxe_i0_pre50n_shreg_3=  8.39285e-08
rxe_i0_pre50n_shreg_4=  5.00000e+00
rxe_i0_pre50n_shreg_5=  8.39311e-08
rxe_i0_pre50n_shreg_6=  5.00000e+00
rxe_i0_pre50n_sda_in_row2=  5.00000e+00
rxe_i0_pre50n_scl_row1=  -6.30398e-08
rxe_i0_post50n_sel_087=  5.00000e+00
rxe_i0_post50n_last_bit_pending=  6.64988e-09
rxe_i0_post50n_shreg_0=  5.00000e+00
rxe_i0_post50n_shreg_1=  2.27794e-08
rxe_i0_post50n_shreg_2=  5.00000e+00
rxe_i0_post50n_shreg_3=  2.18309e-08
rxe_i0_post50n_shreg_4=  2.21138e-08
rxe_i0_post50n_shreg_5=  5.00000e+00
rxe_i0_post50n_shreg_6=  2.09106e-08
rxe_i0_post50n_sda_in_row2=  5.00000e+00
rxe_i0_post50n_scl_row1=  5.00000e+00
rxe_i0_post500n_sel_087=  5.00000e+00
rxe_i0_post500n_last_bit_pending=  3.89600e-08
rxe_i0_post500n_shreg_0=  5.00000e+00
rxe_i0_post500n_shreg_1=  2.28713e-08
rxe_i0_post500n_shreg_2=  5.00000e+00
rxe_i0_post500n_shreg_3=  2.19227e-08
rxe_i0_post500n_shreg_4=  2.23174e-08
rxe_i0_post500n_shreg_5=  5.00000e+00
rxe_i0_post500n_shreg_6=  2.08965e-08
rxe_i0_post500n_sda_in_row2=  5.00000e+00
rxe_i0_post500n_scl_row1=  5.00000e+00
rxdiag_shreg_0      =  1.80385e-07
rxdiag_shreg_1      =  5.00000e+00
rxdiag_shreg_2      =  -1.24156e-07
rxdiag_shreg_3      =  5.00000e+00
rxdiag_shreg_4      =  1.93418e-08
rxdiag_shreg_5      =  -4.30538e-07
rxdiag_shreg_6      =  5.00000e+00
rxdiag_sda_in_row2  =  2.05728e-08
rxdiag_nc_out_nc_out4=  5.00000e+00
rxdiag_nc_out_nc_out12=  2.08525e-08
rxdiag_nc_out_nc_out14=  5.00000e+00
rxdiag_nc_out_nc_out5=  2.08525e-08
rxdiag_nc_out_nc_out6=  2.08526e-08
rxdiag_nc_out_nc_out3=  5.00000e+00
rxdiag_nc_out_nc_out11=  2.08525e-08
rxdiag_nc_out_nc_out13=  5.00000e+00
stop1_busy_m500n    =  5.00000e+00
stop1_busy_clr_m500n=  8.21177e-08
stop1_qn_m500n      =  2.06680e-08
stop1_scl_row1_m500n=  5.00000e+00
stop1_sda_in_row2_m500n=  2.05786e-08
stop1_sda_d_m500n   =  2.05252e-08
stop1_busy_m100n    =  5.00000e+00
stop1_busy_clr_m100n=  8.29140e-08
stop1_qn_m100n      =  2.02467e-08
stop1_scl_row1_m100n=  5.00000e+00
stop1_sda_in_row2_m100n=  2.05737e-08
stop1_sda_d_m100n   =  2.07610e-08
stop1_busy_m50n     =  5.00000e+00
stop1_busy_clr_m50n =  8.23334e-08
stop1_qn_m50n       =  2.05767e-08
stop1_scl_row1_m50n =  5.00000e+00
stop1_sda_in_row2_m50n=  2.05775e-08
stop1_sda_d_m50n    =  2.05765e-08
stop1_busy_m20n     =  5.00000e+00
stop1_busy_clr_m20n =  7.74585e-08
stop1_qn_m20n       =  1.96928e-08
stop1_scl_row1_m20n =  5.00000e+00
stop1_sda_in_row2_m20n=  -1.56303e-06
stop1_sda_d_m20n    =  2.02629e-08
stop1_busy_m10n     =  5.00000e+00
stop1_busy_clr_m10n =  -8.83875e-07
stop1_qn_m10n       =  -3.83271e-08
stop1_scl_row1_m10n =  5.00000e+00
stop1_sda_in_row2_m10n=  -3.21949e-03
stop1_sda_d_m10n    =  -1.70524e-09
stop1_busy_m5n      =  4.95208e+00
stop1_busy_clr_m5n  =  3.16861e-02
stop1_qn_m5n        =  -2.26245e-03
stop1_scl_row1_m5n  =  4.97268e+00
stop1_sda_in_row2_m5n=  4.32503e+00
stop1_sda_d_m5n     =  -4.92463e-04
stop1_busy_evt      =  2.37897e+00
stop1_busy_clr_evt  =  4.92876e+00
stop1_qn_evt        =  1.88924e-02
stop1_scl_row1_evt  =  5.00024e+00
stop1_sda_in_row2_evt=  4.99996e+00
stop1_sda_d_evt     =  3.82181e-04
stop1_busy_p5n      =  9.40152e-03
stop1_busy_clr_p5n  =  4.99901e+00
stop1_qn_p5n        =  4.97141e+00
stop1_scl_row1_p5n  =  5.00547e+00
stop1_sda_in_row2_p5n=  5.00000e+00
stop1_sda_d_p5n     =  -1.66506e-01
stop1_busy_p10n     =  8.19848e-04
stop1_busy_clr_p10n =  5.07361e+00
stop1_qn_p10n       =  5.00196e+00
stop1_scl_row1_p10n =  4.99985e+00
stop1_sda_in_row2_p10n=  5.00000e+00
stop1_sda_d_p10n    =  4.34787e+00
stop1_busy_p20n     =  1.48542e-06
stop1_busy_clr_p20n =  -6.14964e-05
stop1_qn_p20n       =  4.99998e+00
stop1_scl_row1_p20n =  5.00007e+00
stop1_sda_in_row2_p20n=  5.00000e+00
stop1_sda_d_p20n    =  4.99999e+00
stop1_busy_p50n     =  8.01125e-06
stop1_busy_clr_p50n =  4.16074e-06
stop1_qn_p50n       =  5.00000e+00
stop1_scl_row1_p50n =  5.00002e+00
stop1_sda_in_row2_p50n=  5.00000e+00
stop1_sda_d_p50n    =  5.00000e+00
stop1_busy_p100n    =  4.15709e-06
stop1_busy_clr_p100n=  5.31267e-06
stop1_qn_p100n      =  5.00000e+00
stop1_scl_row1_p100n=  5.00001e+00
stop1_sda_in_row2_p100n=  5.00000e+00
stop1_sda_d_p100n   =  5.00000e+00
stop1_busy_p500n    =  3.94318e-07
stop1_busy_clr_p500n=  -2.28426e-06
stop1_qn_p500n      =  5.00000e+00
stop1_scl_row1_p500n=  5.00000e+00
stop1_sda_in_row2_p500n=  5.00000e+00
stop1_sda_d_p500n   =  5.00000e+00
stop1_busy_p1u      =  1.92930e-07
stop1_busy_clr_p1u  =  -1.53646e-06
stop1_qn_p1u        =  5.00000e+00
stop1_scl_row1_p1u  =  5.00000e+00
stop1_sda_in_row2_p1u=  5.00000e+00
stop1_sda_d_p1u     =  5.00000e+00
stop1_busy_p2u      =  1.20884e-07
stop1_busy_clr_p2u  =  -8.68288e-07
stop1_qn_p2u        =  5.00000e+00
stop1_scl_row1_p2u  =  5.00000e+00
stop1_sda_in_row2_p2u=  5.00000e+00
stop1_sda_d_p2u     =  5.00000e+00
stop1_busy_p5u      =  1.91378e-07
stop1_busy_clr_p5u  =  2.81311e-06
stop1_qn_p5u        =  5.00000e+00
stop1_scl_row1_p5u  =  5.00000e+00
stop1_sda_in_row2_p5u=  5.00000e+00
stop1_sda_d_p5u     =  5.00000e+00


Total analysis time (seconds) = 64.4432

Total elapsed time (seconds) = 64.770 

Total DRAM available = 65536.000 MB.
DRAM currently available = 1418.375 MB.
Maximum ngspice program size =  280.766 MB.
Current ngspice program size =  280.766 MB.

