
Note: No compatibility mode selected!


Circuit: * tb_chip_i2c_batch14.spice -- auto-generated by script/gen_chip_tb_batch14_v9.py

Warning: Model issue on line 4 :
  .model dn d tnom=27 is=1.0e-17 rs=47.59 cj=2.76e-17 cjsw=1.17e-17 imax=1 ...
unrecognized parameter (imax) - ignored
unrecognized parameter (imelt) - ignored


Checking parameters for BSIM 3.3 model mne_mst
Warning: Pd = 0 is less than W.
Warning: Ps = 0 is less than W.

Checking parameters for BSIM 3.3 model mne_mst
Warning: Pd = 0 is less than W.
Warning: Ps = 0 is less than W.

Checking parameters for BSIM 3.3 model mne_mst
Warning: Pd = 0 is less than W.
Warning: Ps = 0 is less than W.
Doing analysis at TEMP = 27.000000 and TNOM = 27.000000

Using SPARSE 1.3 as Direct Linear Solver

Initial Transient Solution
--------------------------

Node                                   Voltage
----                                   -------
vdd                                          5
vss                                          0
p15                                          0
p7                                           5
p9                                 2.00283e-08
p10                                2.00283e-08
p11                                          0
p12                                          0
p13                                          5
p14                                          5
p6                                           5
p5                                           5
p4                                           0
p3                                           0
p1                                           5
sda_ctrl                                     0
p2                                      4.9505
xdut.x1.x1.pg                                5
xdut.x1.x1.ng                      1.39324e-08
xdut.x1.x1.pgg                     7.94869e-09
xdut.x1.x1.ngg                               5
xdut.x1.x1.net2                        4.96989
xdut.x1.x1.net1                              5
xdut.x1.x1.enb                     1.43584e-08
xdut.x1.x1.net3                    6.26479e-09
xdut.nc_out1                                 0
xdut.x1.x4.pg                                5
xdut.x1.x4.ng                      1.39324e-08
xdut.x1.x4.pgg                     7.94869e-09
xdut.x1.x4.ngg                               5
xdut.nc_hiz2                                 5
xdut.x1.x4.net2                        4.96989
xdut.x1.x4.net1                              5
xdut.x1.x4.enb                     1.43584e-08
xdut.x1.x4.net3                    6.26479e-09
xdut.x1.x5.pg                                5
xdut.x1.x5.ng                      1.39324e-08
xdut.x1.x5.pgg                     7.94869e-09
xdut.x1.x5.ngg                               5
xdut.x1.x5.net2                        4.96989
xdut.x1.x5.net1                              5
xdut.x1.x5.enb                     1.43584e-08
xdut.x1.x5.net3                    6.26479e-09
xdut.nc_out3                       2.08524e-08
xdut.x1.x6.pg                                5
xdut.x1.x6.ng                      1.39324e-08
xdut.x1.x6.pgg                     7.94869e-09
xdut.x1.x6.ngg                               5
xdut.x1.x6.net2                        4.96989
xdut.x1.x6.net1                              5
xdut.x1.x6.enb                     1.43584e-08
xdut.x1.x6.net3                    6.26479e-09
xdut.nc_out4                       2.08524e-08
xdut.x1.x7.pg                                5
xdut.x1.x7.ng                      1.39324e-08
xdut.x1.x7.pgg                     7.94869e-09
xdut.x1.x7.ngg                               5
xdut.x1.x7.net2                        4.96989
xdut.x1.x7.net1                              5
xdut.x1.x7.enb                     1.43584e-08
xdut.x1.x7.net3                    6.26479e-09
xdut.nc_out5                       2.08524e-08
xdut.x1.x8.pg                                5
xdut.x1.x8.ng                      1.39324e-08
xdut.x1.x8.pgg                     7.94869e-09
xdut.x1.x8.ngg                               5
xdut.x1.x8.net2                        4.96989
xdut.x1.x8.net1                              5
xdut.x1.x8.enb                     1.43584e-08
xdut.x1.x8.net3                    6.26479e-09
xdut.nc_out6                       2.08524e-08
xdut.x1.x9.pg                                5
xdut.x1.x9.ng                      1.39324e-08
xdut.x1.x9.pgg                     7.94869e-09
xdut.x1.x9.ngg                               5
xdut.x1.x9.net2                        4.96989
xdut.x1.x9.net1                              5
xdut.x1.x9.enb                     1.43584e-08
xdut.x1.x9.net3                    6.26479e-09
xdut.nc_out7                                 0
xdut.x1.x10.pg                               5
xdut.x1.x10.ng                     1.39324e-08
xdut.x1.x10.pgg                    7.94869e-09
xdut.x1.x10.ngg                              5
xdut.x1.x10.net2                       4.96989
xdut.x1.x10.net1                             5
xdut.x1.x10.enb                    1.43584e-08
xdut.x1.x10.net3                   6.26479e-09
xdut.nc_out15                                0
xdut.x1.x11.pg                               5
xdut.x1.x11.ng                     1.39324e-08
xdut.x1.x11.pgg                    7.94869e-09
xdut.x1.x11.ngg                              5
xdut.x1.x11.net2                       4.96989
xdut.x1.x11.net1                             5
xdut.x1.x11.enb                    1.43584e-08
xdut.x1.x11.net3                   6.26479e-09
xdut.nc_out14                      2.08524e-08
xdut.x1.x12.pg                               5
xdut.x1.x12.ng                     1.39324e-08
xdut.x1.x12.pgg                    7.94869e-09
xdut.x1.x12.ngg                              5
xdut.x1.x12.net2                       4.96989
xdut.x1.x12.net1                             5
xdut.x1.x12.enb                    1.43584e-08
xdut.x1.x12.net3                   6.26479e-09
xdut.nc_out13                      2.08524e-08
xdut.x1.x13.pg                               5
xdut.x1.x13.ng                     1.39324e-08
xdut.x1.x13.pgg                    7.94869e-09
xdut.x1.x13.ngg                              5
xdut.x1.x13.net2                       4.96989
xdut.x1.x13.net1                             5
xdut.x1.x13.enb                    1.43584e-08
xdut.x1.x13.net3                   6.26479e-09
xdut.nc_out12                      2.08524e-08
xdut.x1.x14.pg                               5
xdut.x1.x14.ng                     1.39324e-08
xdut.x1.x14.pgg                    7.94869e-09
xdut.x1.x14.ngg                              5
xdut.x1.x14.net2                       4.96989
xdut.x1.x14.net1                             5
xdut.x1.x14.enb                    1.43584e-08
xdut.x1.x14.net3                   6.26479e-09
xdut.nc_out11                      2.08524e-08
xdut.x1.x15.pg                               5
xdut.x1.x15.ng                               5
xdut.x1.x15.pgg                    3.77213e-08
xdut.x1.x15.ngg                    5.74338e-08
xdut.x1.x15.net2                       1.26674
xdut.x1.x15.net1                             5
xdut.x1.x15.enb                              5
xdut.x1.x15.net3                   2.87169e-08
xdut.nc_out10                                0
xdut.x1.x16.pg                               5
xdut.x1.x16.ng                               5
xdut.x1.x16.pgg                    3.77213e-08
xdut.x1.x16.ngg                    5.74338e-08
xdut.x1.x16.net2                       1.26674
xdut.x1.x16.net1                             5
xdut.x1.x16.enb                              5
xdut.x1.x16.net3                   2.87169e-08
xdut.nc_out9                                 0
xdut.x2._079_                                5
xdut.x2.bit_cnt_0                  2.08524e-08
xdut.x2._080_                                5
xdut.nc_core_addr_match            2.08524e-08
xdut.x2._081_                                5
xdut.x2._082_                      2.05775e-08
xdut.x2.sda_d                                5
xdut.x2._083_                      8.23099e-08
xdut.x2.scl_row2                             5
xdut.x2.x_384_.net1                 4.1155e-08
xdut.x2.x_385_.net1                    1.26844
xdut.x2.sda_in_row2                          5
xdut.x2._167_                      3.74566e-08
xdut.x2.x_386_.net2                          5
xdut.x2.x_386_.net1                2.05775e-08
xdut.x2._143_                                5
xdut.x2.x_387_.net1                    4.96992
xdut.x2.rst_scl_domain_held                  5
xdut.x2._016_                       7.8869e-09
xdut.x2.x_388_.net1                          5
xdut.nc_core_busy                   7.8869e-09
xdut.x2._017_                      2.05775e-08
xdut.x2.x_388_.net2                   0.034793
xdut.x2.x_389_.net2                    1.26844
xdut.x2._209_                                5
xdut.x2.x_389_.net1                3.74566e-08
xdut.x2.phase_2                    2.08524e-08
xdut.x2._084_                                5
xdut.x2.x_390_.net2                    4.96992
xdut.x2.x_390_.net1                7.88689e-09
xdut.x2._210_                                5
xdut.x2._085_                                5
xdut.nc_core_rx_valid              2.05775e-08
xdut.x2.x_392_.net1                          5
xdut.x2.phase_0                    2.08524e-08
xdut.x2.x_392_.net2                          5
xdut.x2._086_                      2.05775e-08
xdut.x2._087_                                5
xdut.x2.last_bit_pending           2.08524e-08
xdut.x2.x_393_.net1                   0.034793
xdut.x2.x_394_.sb                   1.6168e-08
xdut.x2.x_394_.net2                          5
xdut.x2.x_394_.net3                          5
xdut.x2.x_394_.net1                          5
xdut.x2.shreg_5                    2.08524e-08
xdut.x2._049_                      2.19645e-08
xdut.x2.x_395_.sb                   1.6168e-08
xdut.x2.x_395_.net2                          5
xdut.x2.x_395_.net3                          5
xdut.x2.x_395_.net1                          5
xdut.x2.shreg_4                    2.08524e-08
xdut.x2._050_                      2.19645e-08
xdut.x2.x_396_.sb                   1.6168e-08
xdut.x2.x_396_.net2                          5
xdut.x2.x_396_.net3                          5
xdut.x2.x_396_.net1                          5
xdut.x2.shreg_3                    2.08524e-08
xdut.x2._051_                      2.19645e-08
xdut.x2.x_397_.sb                   1.6168e-08
xdut.x2.x_397_.net2                          5
xdut.x2.x_397_.net3                          5
xdut.x2.x_397_.net1                          5
xdut.x2.shreg_2                    2.08524e-08
xdut.x2._052_                      2.19645e-08
xdut.x2.x_398_.sb                   1.6168e-08
xdut.x2.x_398_.net2                          5
xdut.x2.x_398_.net3                          5
xdut.x2.x_398_.net1                          5
xdut.x2.shreg_1                    2.08524e-08
xdut.x2._053_                      2.19645e-08
xdut.x2.x_399_.sb                   1.6168e-08
xdut.x2.x_399_.net2                          5
xdut.x2.x_399_.net3                          5
xdut.x2.x_399_.net1                          5
xdut.x2.shreg_0                    2.08524e-08
xdut.x2._054_                      2.19645e-08
xdut.x2.x_400_.sb                   1.6168e-08
xdut.x2.x_400_.net2                3.86007e-08
xdut.x2.x_400_.net3                          5
xdut.x2.x_400_.net1                          5
xdut.x2._055_                      2.19645e-08
xdut.x2.x_401_.net1                          5
xdut.x2.bit_cnt_1                  2.08524e-08
xdut.x2._088_                                5
xdut.x2.x_402_.net1                          5
xdut.x2.x_402_.net2                    1.26844
xdut.x2._216_                                5
xdut.x2._089_                      3.74566e-08
xdut.x2.phase_1                    2.08524e-08
xdut.x2.x_403_.net1                          5
xdut.x2.x_403_.net2                    1.26844
xdut.x2.x_403_.net3                3.74566e-08
xdut.x2._090_                                5
xdut.x2.x_404_.net1                          5
xdut.x2.bit_cnt_2                  2.08524e-08
xdut.x2._091_                      2.05775e-08
xdut.x2._092_                                5
xdut.x2.x_405_.net1                6.26479e-09
xdut.x2.x_406_.sb                   1.6168e-08
xdut.x2.x_406_.net2                          5
xdut.x2.x_406_.net3                          5
xdut.x2.x_406_.net1                          5
xdut.x2.txreg_6                    2.08524e-08
xdut.x2._056_                      2.19645e-08
xdut.x2.x_407_.sb                   1.6168e-08
xdut.x2.x_407_.net2                3.86007e-08
xdut.x2.x_407_.net3                          5
xdut.x2.x_407_.net1                          5
xdut.x2.txreg_5                    2.08524e-08
xdut.x2._057_                      2.19645e-08
xdut.x2.x_408_.sb                   1.6168e-08
xdut.x2.x_408_.net2                3.86007e-08
xdut.x2.x_408_.net3                          5
xdut.x2.x_408_.net1                          5
xdut.x2.txreg_4                    2.08524e-08
xdut.x2._058_                      2.19645e-08
xdut.x2.x_409_.sb                   1.6168e-08
xdut.x2.x_409_.net2                3.86007e-08
xdut.x2.x_409_.net3                          5
xdut.x2.x_409_.net1                          5
xdut.x2.txreg_3                    2.08524e-08
xdut.x2._059_                      2.19645e-08
xdut.x2.x_410_.sb                   1.6168e-08
xdut.x2.x_410_.net2                3.86007e-08
xdut.x2.x_410_.net3                          5
xdut.x2.x_410_.net1                          5
xdut.x2.txreg_2                    2.08524e-08
xdut.x2._060_                      2.19645e-08
xdut.x2.x_411_.sb                   1.6168e-08
xdut.x2.x_411_.net2                          5
xdut.x2.x_411_.net3                          5
xdut.x2.x_411_.net1                          5
xdut.x2.txreg_1                    2.08524e-08
xdut.x2._061_                      2.19645e-08
xdut.x2.x_412_.sb                   1.6168e-08
xdut.x2.x_412_.net2                          5
xdut.x2.x_412_.net3                          5
xdut.x2.x_412_.net1                          5
xdut.x2.txreg_0                    2.08524e-08
xdut.x2._062_                      2.19645e-08
xdut.x2.x_413_.net1                          5
xdut.x2.x_413_.net2                          5
xdut.x2._093_                                5
xdut.x2.x_414_.net1                          5
xdut.x2.x_414_.net2                          5
xdut.x2._094_                      2.05775e-08
xdut.x2.x_415_.net1                          5
xdut.x2._095_                                5
xdut.x2.x_416_.net2                          5
xdut.x2.x_416_.net1                2.05775e-08
xdut.x2._096_                                5
xdut.x2.x_417_.net1                    4.97147
xdut.x2.x_417_.net2                    1.26026
xdut.x2._097_                      1.65922e-08
xdut.x2.x_418_.net2                    4.96992
xdut.x2.x_418_.net1                7.88689e-09
xdut.x2._098_                                5
xdut.x2.x_419_.net2                    1.26844
xdut.x2.x_419_.net1                3.74566e-08
xdut.x2._099_                                5
xdut.x2.x_420_.net1                          5
xdut.x2.x_420_.net4                    4.14374
xdut.x2.x_420_.net3                1.17335e-08
xdut.x2.x_420_.net2                5.86677e-09
xdut.x2._100_                      2.05775e-08
xdut.x2._101_                                5
xdut.x2.sda_in_row1                          5
xdut.x2.x_421_.net1                6.26479e-09
xdut.x2.x_422_.net1                    4.96992
xdut.x2._102_                      7.88689e-09
xdut.x2._215_                                5
xdut.x2.x_423_.net1                    1.26844
xdut.x2._103_                      3.74566e-08
xdut.x2._104_                      8.23099e-08
xdut.x2.x_424_.net1                 4.1155e-08
xdut.x2.x_425_.net1                          5
xdut.x2.x_425_.net2                          5
xdut.x2.x_425_.net4                          5
xdut.x2._105_                      2.05775e-08
xdut.x2.x_425_.net3                          5
xdut.x2.x_426_.sb                   1.6168e-08
xdut.x2.x_426_.net2                          5
xdut.x2.x_426_.net3                          5
xdut.x2.x_426_.net1                          5
xdut.x2._063_                      2.19645e-08
xdut.x2._106_                                5
xdut.x2.x_427_.net1                    4.14374
xdut.x2._107_                                5
xdut.x2.x_428_.net1                   0.034793
xdut.x2._064_                      1.85197e-07
xdut.x2.x_429_.net1                1.23465e-07
xdut.x2.x_429_.net2                6.17324e-08
xdut.x2._108_                                5
xdut.x2.x_430_.net1                   0.034793
xdut.x2.x_431_.net1                          5
xdut.x2.x_431_.net2                          5
xdut.x2._109_                                5
xdut.x2.x_432_.net1                          5
xdut.x2._110_                      2.05775e-08
xdut.x2.x_432_.net2                6.26479e-09
xdut.x2.x_433_.net1                          5
xdut.x2._111_                                5
xdut.x2._112_                                5
xdut.x2.x_434_.net1                   0.034793
xdut.x2.x_435_.net1                          5
xdut.x2.x_435_.net2                          5
xdut.x2.x_435_.net3                          5
xdut.x2._113_                      2.05775e-08
xdut.x2.x_435_.net4                1.01169e-08
xdut.x2._114_                                5
xdut.x2.x_436_.net1                6.26479e-09
xdut.x2._065_                      8.23099e-08
xdut.x2.x_437_.net1                 4.1155e-08
xdut.x2._115_                                5
xdut.x2.x_438_.net1                   0.034793
xdut.x2._116_                      8.23099e-08
xdut.x2._212_                                5
xdut.x2.x_439_.net1                 4.1155e-08
xdut.x2._066_                                5
xdut.x2.x_440_.net1                 6.2648e-09
xdut.x2.x_441_.net1                    4.97152
xdut.x2._191_                                5
xdut.x2.x_441_.net2                     1.3056
xdut.x2._194_                                5
xdut.x2.x_441_.net4                    1.28677
xdut.x2._117_                                5
xdut.x2.x_441_.net3                2.51911e-08
xdut.x2.x_442_.net1                          5
xdut.x2.x_442_.net2                          5
xdut.x2.x_442_.net3                          5
xdut.x2._118_                      2.05775e-08
xdut.x2.x_443_.sb                   1.6168e-08
xdut.x2.x_443_.net2                          5
xdut.x2.x_443_.net3                          5
xdut.x2.x_443_.net1                          5
xdut.x2._067_                      2.19645e-08
xdut.x2._119_                                5
xdut.x2.x_444_.net1                   0.034793
xdut.x2.x_445_.net1                          5
xdut.x2._120_                      1.16068e-07
xdut.x2.x_445_.net4                    1.26844
xdut.x2.x_445_.net3                    4.14374
xdut.x2.x_445_.net2                5.80341e-08
xdut.x2._121_                                5
xdut.x2.x_446_.net1                 6.2648e-09
xdut.x2._068_                      8.23099e-08
xdut.x2.x_447_.net1                 4.1155e-08
xdut.x2.x_448_.sb                   1.6168e-08
xdut.x2.x_448_.net2                3.86007e-08
xdut.x2.x_448_.net3                          5
xdut.x2.x_448_.net1                          5
xdut.nc_core_rw                    2.08524e-08
xdut.x2._069_                      2.19645e-08
xdut.x2.x_449_.net1                    1.26844
xdut.x2._122_                      3.74566e-08
xdut.x2.x_450_.net1                    1.26844
xdut.x2._123_                      3.74566e-08
xdut.x2.x_451_.net1                          5
xdut.x2.x_451_.net2                          5
xdut.x2.x_451_.net3                    1.26844
xdut.x2._124_                      3.74566e-08
xdut.x2.x_452_.net1                    1.26844
xdut.x2._070_                      3.74566e-08
xdut.x2.x_453_.sb                   1.6168e-08
xdut.x2.x_453_.net2                          5
xdut.x2.x_453_.net3                          5
xdut.x2.x_453_.net1                          5
xdut.x2.txreg_7                    2.08524e-08
xdut.x2._071_                      2.19645e-08
xdut.x2.x_454_.sb                   1.6168e-08
xdut.x2.x_454_.net2                          5
xdut.x2.x_454_.net3                          5
xdut.x2.x_454_.net1                          5
xdut.x2.shreg_6                    2.08524e-08
xdut.x2._072_                      2.19645e-08
xdut.x2.x_455_.sb                            5
xdut.x2.x_455_.net2                          5
xdut.x2.x_455_.net3                          5
xdut.x2.x_455_.net1                          5
xdut.x2._125_                      2.19645e-08
xdut.x2._126_                                5
xdut.x2.x_456_.net1                6.26479e-09
xdut.x2.x_457_.sb                            5
xdut.x2.x_457_.net2                          5
xdut.x2.x_457_.net3                          5
xdut.x2.x_457_.net1                          5
xdut.x2._127_                      2.19645e-08
xdut.x2._128_                                5
xdut.x2.x_458_.net1                   0.034793
xdut.x2._129_                                5
xdut.x2.x_459_.net1                    4.10022
xdut.x2.x_459_.net2                    4.08139
xdut.x2._130_                                5
xdut.x2.x_460_.net1                   0.034793
xdut.x2.x_461_.sb                            5
xdut.x2.x_461_.net2                          5
xdut.x2.x_461_.net3                          5
xdut.x2.x_461_.net1                          5
xdut.x2._131_                      2.19645e-08
xdut.x2.x_462_.sb                            5
xdut.x2.x_462_.net2                          5
xdut.x2.x_462_.net3                          5
xdut.x2.x_462_.net1                          5
xdut.x2._132_                      2.19645e-08
xdut.x2.x_463_.sb                   1.6168e-08
xdut.x2.x_463_.net2                          5
xdut.x2.x_463_.net3                          5
xdut.x2.x_463_.net1                          5
xdut.x2._133_                      2.19645e-08
xdut.x2.x_464_.net1                    1.26844
xdut.x2._134_                      3.74566e-08
xdut.x2.x_465_.net1                    4.96992
xdut.x2._135_                       7.8869e-09
xdut.x2.x_466_.net1                          5
xdut.x2.x_466_.net2                          5
xdut.x2._136_                                5
xdut.x2._005_                        8.231e-08
xdut.x2.x_467_.net1                 4.1155e-08
xdut.x2.x_468_.net1                    4.97069
xdut.x2._211_                                5
xdut.x2.x_468_.net2                    4.97069
xdut.x2._004_                       7.9283e-09
xdut.x2._214_                                5
xdut.x2.x_469_.net1                          5
xdut.x2._156_                      2.05775e-08
xdut.x2.x_469_.net2                    4.14374
xdut.x2.x_470_.net1                    4.96992
xdut.x2._144_                       7.8869e-09
xdut.x2._137_                                5
xdut.x2.x_471_.net1                1.25296e-08
xdut.x2.x_471_.net2                6.26479e-09
xdut.x2._077_                                5
xdut.x2.x_472_.net1                    4.14374
xdut.x2.x_504_.net1                          5
xdut.x2.x_504_.net2                          5
xdut.x2.x_504_.ckp                 2.08524e-08
xdut.x2.x_504_.ckb                           5
xdut.x2.x_504_.net3                    4.14374
xdut.x2.x_504_.qm                  2.60779e-08
xdut.x2.x_504_.net4                          5
xdut.x2._213_                                5
xdut.x2.x_504_.qs                  7.29558e-08
xdut.x2.x_504_.net5                4.95168e-08
xdut.x2.x_504_.net6                   0.034793
xdut.x2._156__row2                 2.05775e-08
xdut.x2.x_505_.net1                    1.34474
xdut.x2.x_505_.net2                8.60377e-08
xdut.x2.x_505_.ckp                 2.08524e-08
xdut.x2.x_505_.ckb                           5
xdut.x2.x_505_.net3                4.30189e-08
xdut.x2.x_505_.qm                            5
xdut.x2.x_505_.net4                2.60779e-08
xdut.x2.x_505_.qs                  9.07633e-08
xdut.x2.x_505_.net5                5.84206e-08
xdut.x2.x_505_.net6                   0.034793
xdut.x2._156__row1                 2.05775e-08
xdut.x2.x_506_.net1                          5
xdut.x2.x_506_.net2                          5
xdut.x2.x_506_.ckp                 2.08524e-08
xdut.x2.x_506_.ckb                           5
xdut.x2.x_506_.net3                    4.14374
xdut.x2.x_506_.qm                  2.60779e-08
xdut.x2.x_506_.net4                          5
xdut.x2.x_506_.qs                  7.29558e-08
xdut.x2.x_506_.net5                4.95168e-08
xdut.x2.x_506_.net6                   0.034793
xdut.x2.x_507_.net1                          5
xdut.x2.x_507_.net2                          5
xdut.x2.x_507_.ckp                 2.08524e-08
xdut.x2.x_507_.ckb                           5
xdut.x2.x_507_.net3                    4.14374
xdut.x2.x_507_.qm                  2.60779e-08
xdut.x2.x_507_.net4                          5
xdut.x2.x_507_.qs                  7.29558e-08
xdut.x2.x_507_.net5                4.95168e-08
xdut.x2.x_507_.net6                   0.034793
xdut.x2.x_508_.net1                          5
xdut.x2.x_508_.net2                          5
xdut.x2.x_508_.ckp                 2.08524e-08
xdut.x2.x_508_.ckb                           5
xdut.x2.x_508_.net3                    4.14374
xdut.x2.x_508_.qm                  2.60779e-08
xdut.x2.x_508_.net4                          5
xdut.x2.x_508_.qs                  7.29558e-08
xdut.x2.x_508_.net5                4.95168e-08
xdut.x2.x_508_.net6                   0.034793
xdut.x2.x_509_.net1                          5
xdut.x2.x_509_.net2                          5
xdut.x2.x_509_.ckp                 2.08524e-08
xdut.x2.x_509_.ckb                           5
xdut.x2.x_509_.net3                    4.14374
xdut.x2.x_509_.qm                  2.60779e-08
xdut.x2.x_509_.net4                          5
xdut.x2.x_509_.qs                  7.29558e-08
xdut.x2.x_509_.net5                4.95168e-08
xdut.x2.x_509_.net6                   0.034793
xdut.x2.x_510_.net1                          5
xdut.x2.x_510_.net2                          5
xdut.x2.x_510_.ckp                 2.08524e-08
xdut.x2.x_510_.ckb                           5
xdut.x2.x_510_.net3                    4.14374
xdut.x2.x_510_.qm                  2.60779e-08
xdut.x2.x_510_.net4                          5
xdut.x2.x_510_.qs                  7.29558e-08
xdut.x2.x_510_.net5                4.95168e-08
xdut.x2.x_510_.net6                   0.034793
xdut.x2.x_511_.net1                          5
xdut.x2.x_511_.net2                          5
xdut.x2.x_511_.ckp                 2.08524e-08
xdut.x2.x_511_.ckb                           5
xdut.x2.x_511_.net3                    4.14374
xdut.x2.x_511_.qm                  2.60779e-08
xdut.x2.x_511_.net4                          5
xdut.x2.x_511_.qs                  7.29558e-08
xdut.x2.x_511_.net5                4.95168e-08
xdut.x2.x_511_.net6                   0.034793
xdut.x2.x_512_.net1                          5
xdut.x2.x_512_.net2                          5
xdut.x2.x_512_.ckp                 2.08524e-08
xdut.x2.x_512_.ckb                           5
xdut.x2.x_512_.net3                    4.14374
xdut.x2.x_512_.qm                  2.60779e-08
xdut.x2.x_512_.net4                          5
xdut.x2._208_                                5
xdut.x2.x_512_.qs                  7.29558e-08
xdut.x2.x_512_.net5                4.95168e-08
xdut.x2.x_512_.net6                   0.034793
xdut.x2.scl_n_row0                 2.05775e-08
xdut.x2.x_513_.net1                          5
xdut.x2.x_513_.net2                          5
xdut.x2.x_513_.ckp                 2.08524e-08
xdut.x2.x_513_.ckb                           5
xdut.x2.x_513_.net3                    4.14374
xdut.x2.x_513_.qm                  2.60779e-08
xdut.x2.x_513_.net4                          5
xdut.x2._207_                                5
xdut.x2.x_513_.qs                  7.29558e-08
xdut.x2.x_513_.net5                4.95168e-08
xdut.x2.x_513_.net6                   0.034793
xdut.x2.x_514_.net1                          5
xdut.x2.x_514_.net2                          5
xdut.x2.x_514_.ckp                 2.08524e-08
xdut.x2.x_514_.ckb                           5
xdut.x2.x_514_.net3                    4.14374
xdut.x2.x_514_.qm                  2.60779e-08
xdut.x2.x_514_.net4                          5
xdut.x2._206_                                5
xdut.x2.x_514_.qs                  7.29558e-08
xdut.x2.x_514_.net5                4.95168e-08
xdut.x2.x_514_.net6                   0.034793
xdut.x2.x_515_.net1                          5
xdut.x2.x_515_.net2                          5
xdut.x2.x_515_.ckp                 2.08524e-08
xdut.x2.x_515_.ckb                           5
xdut.x2.x_515_.net3                    4.14374
xdut.x2.x_515_.qm                  2.60779e-08
xdut.x2.x_515_.net4                          5
xdut.x2._205_                                5
xdut.x2.x_515_.qs                  7.29558e-08
xdut.x2.x_515_.net5                4.95168e-08
xdut.x2.x_515_.net6                   0.034793
xdut.x2.x_516_.net1                          5
xdut.x2.x_516_.net2                          5
xdut.x2.x_516_.ckp                 2.08524e-08
xdut.x2.x_516_.ckb                           5
xdut.x2.x_516_.net3                    4.14374
xdut.x2.x_516_.qm                  2.60779e-08
xdut.x2.x_516_.net4                          5
xdut.x2._204_                                5
xdut.x2.x_516_.qs                  7.29558e-08
xdut.x2.x_516_.net5                4.95168e-08
xdut.x2.x_516_.net6                   0.034793
xdut.x2.scl_n_row2                 2.05775e-08
xdut.x2.x_517_.net1                          5
xdut.x2.x_517_.net2                          5
xdut.x2.x_517_.ckp                 2.08524e-08
xdut.x2.x_517_.ckb                           5
xdut.x2.x_517_.net3                    4.14374
xdut.x2.x_517_.qm                  2.60779e-08
xdut.x2.x_517_.net4                          5
xdut.x2._203_                                5
xdut.x2.x_517_.qs                  7.29558e-08
xdut.x2.x_517_.net5                4.95168e-08
xdut.x2.x_517_.net6                   0.034793
xdut.x2.x_518_.net1                          5
xdut.x2.x_518_.net2                          5
xdut.x2.x_518_.ckp                 2.08524e-08
xdut.x2.x_518_.ckb                           5
xdut.x2.x_518_.net3                    4.14374
xdut.x2.x_518_.qm                  2.60779e-08
xdut.x2.x_518_.net4                          5
xdut.x2._202_                                5
xdut.x2.x_518_.qs                  7.29558e-08
xdut.x2.x_518_.net5                4.95168e-08
xdut.x2.x_518_.net6                   0.034793
xdut.x2.x_519_.net1                          5
xdut.x2.x_519_.net2                          5
xdut.x2.x_519_.ckp                 2.08524e-08
xdut.x2.x_519_.ckb                           5
xdut.x2.x_519_.net3                    4.14374
xdut.x2.x_519_.qm                  2.60779e-08
xdut.x2.x_519_.net4                          5
xdut.x2._217_                                5
xdut.x2.x_519_.qs                  7.29558e-08
xdut.x2.x_519_.net5                4.95168e-08
xdut.x2.x_519_.net6                   0.034793
xdut.x2.x_520_.net1                          5
xdut.x2.x_520_.net2                          5
xdut.x2.x_520_.ckp                 2.08524e-08
xdut.x2.x_520_.ckb                           5
xdut.x2.x_520_.net3                    4.14374
xdut.x2.x_520_.qm                  2.60779e-08
xdut.x2.x_520_.net4                          5
xdut.x2._201_                                5
xdut.x2.x_520_.qs                  7.29558e-08
xdut.x2.x_520_.net5                4.95168e-08
xdut.x2.x_520_.net6                   0.034793
xdut.x2._156__row3                 2.05775e-08
xdut.x2.x_521_.net1                          5
xdut.x2.x_521_.net2                          5
xdut.x2.x_521_.ckp                 2.08524e-08
xdut.x2.x_521_.ckb                           5
xdut.x2.x_521_.net3                    4.14374
xdut.x2.x_521_.qm                  2.60779e-08
xdut.x2.x_521_.net4                          5
xdut.x2._200_                                5
xdut.x2.x_521_.qs                  7.29558e-08
xdut.x2.x_521_.net5                4.95168e-08
xdut.x2.x_521_.net6                   0.034793
xdut.x2.x_522_.net1                          5
xdut.x2.x_522_.net2                          5
xdut.x2.x_522_.ckp                 2.08524e-08
xdut.x2.x_522_.ckb                           5
xdut.x2.x_522_.net3                    4.14374
xdut.x2.x_522_.qm                  2.60779e-08
xdut.x2.x_522_.net4                          5
xdut.x2._199_                                5
xdut.x2.x_522_.qs                  7.29558e-08
xdut.x2.x_522_.net5                4.95168e-08
xdut.x2.x_522_.net6                   0.034793
xdut.x2.x_523_.net1                          5
xdut.x2.x_523_.net2                          5
xdut.x2.x_523_.ckp                 2.08524e-08
xdut.x2.x_523_.ckb                           5
xdut.x2.x_523_.net3                    4.14374
xdut.x2.x_523_.qm                  2.60779e-08
xdut.x2.x_523_.net4                          5
xdut.x2._198_                                5
xdut.x2.x_523_.qs                  7.29558e-08
xdut.x2.x_523_.net5                4.95168e-08
xdut.x2.x_523_.net6                   0.034793
xdut.x2.x_524_.net1                          5
xdut.x2.x_524_.net2                          5
xdut.x2.x_524_.ckp                 2.08524e-08
xdut.x2.x_524_.ckb                           5
xdut.x2.x_524_.net3                    4.14374
xdut.x2.x_524_.qm                  2.60779e-08
xdut.x2.x_524_.net4                          5
xdut.x2._197_                                5
xdut.x2.x_524_.qs                  7.29558e-08
xdut.x2.x_524_.net5                4.95168e-08
xdut.x2.x_524_.net6                   0.034793
xdut.x2.x_525_.net1                          5
xdut.x2.x_525_.net2                          5
xdut.x2.x_525_.ckp                 2.08524e-08
xdut.x2.x_525_.ckb                           5
xdut.x2.x_525_.net3                    4.14374
xdut.x2.x_525_.qm                  2.60779e-08
xdut.x2.x_525_.net4                          5
xdut.x2._196_                                5
xdut.x2.x_525_.qs                  7.29558e-08
xdut.x2.x_525_.net5                4.95168e-08
xdut.x2.x_525_.net6                   0.034793
xdut.x2.x_526_.net1                          5
xdut.x2.x_526_.net2                          5
xdut.x2.x_526_.ckp                 2.08524e-08
xdut.x2.x_526_.ckb                           5
xdut.x2.x_526_.net3                    4.14374
xdut.x2.x_526_.qm                  2.60779e-08
xdut.x2.x_526_.net4                          5
xdut.x2._195_                                5
xdut.x2.x_526_.qs                  7.29558e-08
xdut.x2.x_526_.net5                4.95168e-08
xdut.x2.x_526_.net6                   0.034793
xdut.x2.x_527_.net1                          5
xdut.x2.x_527_.net2                          5
xdut.x2.x_527_.ckp                 2.08524e-08
xdut.x2.x_527_.ckb                           5
xdut.x2.x_527_.net3                    4.14374
xdut.x2.x_527_.qm                  2.60779e-08
xdut.x2.x_527_.net4                          5
xdut.x2._188_                                5
xdut.x2.x_527_.qs                  7.29558e-08
xdut.x2.x_527_.net5                4.95168e-08
xdut.x2.x_527_.net6                   0.034793
xdut.x2.x_528_.net1                          5
xdut.x2.x_528_.net2                          5
xdut.x2.x_528_.ckp                 2.08524e-08
xdut.x2.x_528_.ckb                           5
xdut.x2.x_528_.net3                    4.14374
xdut.x2.x_528_.qm                  2.60779e-08
xdut.x2.x_528_.net4                          5
xdut.x2.x_528_.qs                  7.29558e-08
xdut.x2.x_528_.net5                4.95168e-08
xdut.x2.x_528_.net6                   0.034793
xdut.x2.sda_oe_r                   2.08524e-08
xdut.x2.scl_n_row3                 2.05775e-08
xdut.x2.x_529_.net1                          5
xdut.x2.x_529_.net2                          5
xdut.x2.x_529_.ckp                 2.08524e-08
xdut.x2.x_529_.ckb                           5
xdut.x2.x_529_.net3                    4.14374
xdut.x2.x_529_.qm                  2.60779e-08
xdut.x2.x_529_.net4                          5
xdut.x2._186_                                5
xdut.x2.x_529_.qs                  7.29558e-08
xdut.x2.x_529_.net5                4.95168e-08
xdut.x2.x_529_.net6                   0.034793
xdut.x2.x_530_.net1                    1.34474
xdut.x2.x_530_.net2                8.60377e-08
xdut.x2.x_530_.ckp                 2.08524e-08
xdut.x2.x_530_.ckb                           5
xdut.x2.x_530_.net3                4.30189e-08
xdut.x2.x_530_.qm                            5
xdut.x2.x_530_.net4                2.60779e-08
xdut.x2._192_                                5
xdut.x2.x_530_.qs                  9.07633e-08
xdut.x2.x_530_.net5                5.84206e-08
xdut.x2.x_530_.net6                   0.034793
xdut.x2._156__row0                 2.05775e-08
xdut.x2.x_531_.net1                          5
xdut.x2.x_531_.net2                          5
xdut.x2.x_531_.ckp                 2.08524e-08
xdut.x2.x_531_.ckb                           5
xdut.x2.x_531_.net3                    4.14374
xdut.x2.x_531_.qm                  2.60779e-08
xdut.x2.x_531_.net4                          5
xdut.x2._189_                                5
xdut.x2.x_531_.qs                  7.29558e-08
xdut.x2.x_531_.net5                4.95168e-08
xdut.x2.x_531_.net6                   0.034793
xdut.x2.x_532_.net1                          5
xdut.x2.x_532_.net2                          5
xdut.x2.x_532_.ckp                 2.08524e-08
xdut.x2.x_532_.ckb                           5
xdut.x2.x_532_.net3                    4.14374
xdut.x2.x_532_.qm                  2.60779e-08
xdut.x2.x_532_.net4                          5
xdut.x2._190_                                5
xdut.x2.x_532_.qs                  7.29558e-08
xdut.x2.x_532_.net5                4.95168e-08
xdut.x2.x_532_.net6                   0.034793
xdut.x2.x_533_.net1                          5
xdut.x2.x_533_.net2                          5
xdut.x2.x_533_.ckp                 2.08524e-08
xdut.x2.x_533_.ckb                           5
xdut.x2.x_533_.net3                    4.14374
xdut.x2.x_533_.qm                  2.60779e-08
xdut.x2.x_533_.net4                          5
xdut.x2._193_                                5
xdut.x2.x_533_.qs                  7.29558e-08
xdut.x2.x_533_.net5                4.95168e-08
xdut.x2.x_533_.net6                   0.034793
xdut.x2.x_534_.net1                          5
xdut.x2.x_534_.net2                          5
xdut.x2.x_534_.ckp                 2.08524e-08
xdut.x2.x_534_.ckb                           5
xdut.x2.x_534_.net3                    4.14374
xdut.x2.x_534_.qm                  2.60779e-08
xdut.x2.x_534_.net4                          5
xdut.x2.x_534_.qs                  7.29558e-08
xdut.x2.x_534_.net5                4.95168e-08
xdut.x2.x_534_.net6                   0.034793
xdut.x2.x_535_.net1                          5
xdut.x2.x_535_.net2                          5
xdut.x2.x_535_.ckp                 2.08524e-08
xdut.x2.x_535_.ckb                           5
xdut.x2.x_535_.net3                    4.14374
xdut.x2.x_535_.qm                  2.60779e-08
xdut.x2.x_535_.net4                          5
xdut.x2._218_                                5
xdut.x2.x_535_.qs                  7.29558e-08
xdut.x2.x_535_.net5                4.95168e-08
xdut.x2.x_535_.net6                   0.034793
xdut.x2.x_536_.net1                          5
xdut.x2.x_536_.net2                          5
xdut.x2.x_536_.ckp                 2.08524e-08
xdut.x2.x_536_.ckb                           5
xdut.x2.x_536_.net3                    4.14374
xdut.x2.x_536_.qm                  2.60779e-08
xdut.x2.x_536_.net4                          5
xdut.x2.x_536_.qs                  7.29558e-08
xdut.x2.x_536_.net5                4.95168e-08
xdut.x2.x_536_.net6                   0.034793
xdut.x2.xu_sda_target.sb                     5
xdut.x2.xu_sda_target.net2         5.13295e-08
xdut.x2.xu_sda_target.net3         7.47706e-08
xdut.x2.xu_sda_target.net1         2.78885e-08
xdut.x2.sda_target                           5
xdut.x2.sda_lat_en                           5
xdut.x2.xu_sda_lat_en.net1             4.14374
xdut.x2.sda_target_n               2.05775e-08
xdut.x2.xu_sda_s.net1              8.23099e-08
xdut.x2.s_in                                 5
xdut.x2.xu_sda_s.net2               4.1155e-08
xdut.x2.xu_sda_r.net1                        5
xdut.x2.r_in                       2.05775e-08
xdut.x2.xu_sda_r.net2              6.26479e-09
xdut.x2.xu_sda_q.net1                        5
xdut.x2.qn_sda                      7.8869e-09
xdut.x2.xu_sda_qn.net1                 4.96992
xdut.x2.scl_n                      2.05775e-08
xdut.x2.xu_lat_q.net1                  4.96992
xdut.x2.qn                                   5
xdut.x2.xu_lat_qn.net1                       5
xdut.x2.xu_rst_stretch_q.net1                5
xdut.x2.rst_stretch_qn              7.8869e-09
xdut.x2.xu_rst_stretch_qn.net1         4.96992
xdut.x2.xu_buf_scl_row2.net1       2.05775e-08
xdut.x2.scl_buf                              5
xdut.x2.xu_buf_scl_n_row0.net1               5
xdut.x2.xu_buf_scl_n_row2.net1               5
xdut.x2.xu_buf_scl_n_row3.net1               5
xdut.x2.xu_bufth_scl.mid           4.02692e-08
xdut.x2.xu_bufth_scl.net1              1.27314
xdut.x2.xu_bufth_scl.net2          2.85498e-08
xdut.x2.xu_bufth_sda_in.mid        4.05315e-08
xdut.x2.xu_bufth_sda_in.net1            1.2772
xdut.x2.sda_in_buf                           5
xdut.x2.xu_bufth_sda_in.net2       2.87358e-08
xdut.x2.xu_buf_sda_in_row1.net1     2.05775e-08
xdut.x2.xu_buf_sda_in_row2.net1     2.05775e-08
xdut.x2.xu_buf__156__row0.net1               5
xdut.x2.xu_buf__156__row1.net1               5
xdut.x2.xu_buf__156__row2.net1               5
xdut.x2.xu_buf__156__row3.net1               5
vsda_ctrl#branch                             0
vscl#branch                       -1.04426e-11
vtx7#branch                        2.26037e-10
vtx6#branch                        2.26037e-10
vtx5#branch                       -1.04426e-11
vtx4#branch                       -1.04426e-11
vtx3#branch                       -1.04426e-11
vtx2#branch                       -1.04426e-11
vtx1#branch                        2.26037e-10
vtx0#branch                        2.26037e-10
vdis#branch                       -1.90041e-11
vrstn#branch                       2.26037e-10
vvss#branch                        1.80383e-09
vvdd#branch                       -4.95929e-06

 Reference value :  2.67500e-06 Reference value :  7.27227e-06 Reference value :  1.22902e-05 Reference value :  1.69851e-05 Reference value :  2.19192e-05 Reference value :  2.40296e-05 Reference value :  3.19753e-05 Reference value :  3.69006e-05 Reference value :  3.70064e-05 Reference value :  4.20402e-05 Reference value :  4.67850e-05 Reference value :  4.70080e-05 Reference value :  5.62250e-05 Reference value :  6.19730e-05 Reference value :  6.69819e-05 Reference value :  7.31750e-05 Reference value :  7.69927e-05 Reference value :  8.19834e-05 Reference value :  8.73399e-05 Reference value :  9.43638e-05 Reference value :  9.69924e-05 Reference value :  1.02025e-04 Reference value :  1.07070e-04 Reference value :  1.12260e-04 Reference value :  1.16969e-04 Reference value :  1.19961e-04 Reference value :  1.22258e-04 Reference value :  1.27000e-04 Reference value :  1.31994e-04 Reference value :  1.34787e-04 Reference value :  1.41980e-04 Reference value :  1.46986e-04 Reference value :  1.51904e-04 Reference value :  1.52313e-04 Reference value :  1.59518e-04 Reference value :  1.62260e-04 Reference value :  1.66992e-04 Reference value :  1.72266e-04 Reference value :  1.77323e-04 Reference value :  1.82001e-04 Reference value :  1.86982e-04 Reference value :  1.92000e-04 Reference value :  1.92275e-04 Reference value :  1.99486e-04 Reference value :  2.05444e-04 Reference value :  2.16932e-04 Reference value :  2.16992e-04 Reference value :  2.22116e-04 Reference value :  2.26969e-04 Reference value :  2.29929e-04 Reference value :  2.32275e-04 Reference value :  2.39708e-04 Reference value :  2.42256e-04 Reference value :  2.46979e-04 Reference value :  2.50275e-04 Reference value :  2.52273e-04 Reference value :  2.56987e-04 Reference value :  2.61967e-04 Reference value :  2.66969e-04 Reference value :  2.67228e-04 Reference value :  2.72525e-04 Reference value :  2.79509e-04 Reference value :  2.86969e-04 Reference value :  2.87196e-04 Reference value :  2.91997e-04 Reference value :  2.93316e-04 Reference value :  2.96994e-04 Reference value :  3.01034e-04 Reference value :  3.06977e-04 Reference value :  3.07560e-04 Reference value :  3.11995e-04 Reference value :  3.16977e-04 Reference value :  3.20619e-04 Reference value :  3.26275e-04 Reference value :  3.31973e-04 Reference value :  3.33475e-04 Reference value :  3.36991e-04 Reference value :  3.41936e-04 Reference value :  3.45275e-04 Reference value :  3.51901e-04 Reference value :  3.56949e-04 Reference value :  3.57000e-04 Reference value :  3.61975e-04 Reference value :  3.66969e-04 Reference value :  3.67015e-04 Reference value :  3.75025e-04 Reference value :  3.76989e-04 Reference value :  3.81578e-04 Reference value :  3.86969e-04 Reference value :  3.87015e-04 Reference value :  3.92000e-04 Reference value :  3.96902e-04 Reference value :  3.97008e-04 Reference value :  4.01991e-04 Reference value :  4.03419e-04 Reference value :  4.11956e-04 Reference value :  4.17525e-04 Reference value :  4.26962e-04 Reference value :  4.27916e-04 Reference value :  4.35275e-04 Reference value :  4.41844e-04 Reference value :  4.46977e-04 Reference value :  4.51901e-04 Reference value :  4.52298e-04 Reference value :  4.56989e-04 Reference value :  4.61974e-04 Reference value :  4.62276e-04 Reference value :  4.66989e-04 Reference value :  4.71983e-04 Reference value :  4.77002e-04 Reference value :  4.83075e-04 Reference value :  4.86994e-04 Reference value :  4.92245e-04 Reference value :  4.96967e-04 Reference value :  5.02245e-04 Reference value :  5.06900e-04 Reference value :  5.11974e-04 Reference value :  5.12671e-04 Reference value :  5.21361e-04 Reference value :  5.22261e-04 Reference value :  5.26970e-04 Reference value :  5.31151e-04 Reference value :  5.37005e-04
No. of Data Rows : 17590

  Measurements for Transient Analysis

busy_after_start    =  5.00000e+00
ack_addr_write      =  4.44619e-02
addr_match_write    =  5.00000e+00
rw_write            =  2.05337e-08
ack_data            =  4.44619e-02
rx_data_bit0        =  5.00000e+00
rx_data_bit1        =  2.08529e-08
rx_data_bit2        =  5.00000e+00
rx_data_bit3        =  2.08529e-08
rx_data_bit4        =  2.08529e-08
rx_data_bit5        =  5.00000e+00
rx_data_bit6        =  2.08529e-08
rx_data_bit7        =  5.00000e+00
busy_after_stop1    =  6.46899e-08
ack_addr_read       =  4.44619e-02
rw_read             =  5.00000e+00
read_byte_bit0      =  4.44619e-02
read_byte_bit1      =  4.44619e-02
read_byte_bit2      =  4.95050e+00
read_byte_bit3      =  4.95050e+00
read_byte_bit4      =  4.95050e+00
read_byte_bit5      =  4.95050e+00
read_byte_bit6      =  4.44619e-02
read_byte_bit7      =  4.44619e-02
busy_after_stop2    =  6.46904e-08
nack_wrong_addr     =  4.95050e+00
addr_match_wrong    =  2.17924e-08
busy_after_stop3    =  6.46897e-08
rxe_i7_pre50n_sel_087=  5.00000e+00
rxe_i7_pre50n_last_bit_pending=  4.94018e-08
rxe_i7_pre50n_shreg_0=  1.96204e-08
rxe_i7_pre50n_shreg_1=  2.09917e-08
rxe_i7_pre50n_shreg_2=  -1.91826e-07
rxe_i7_pre50n_shreg_3=  1.94865e-08
rxe_i7_pre50n_shreg_4=  3.18392e-08
rxe_i7_pre50n_shreg_5=  -4.01134e-07
rxe_i7_pre50n_shreg_6=  5.00000e+00
rxe_i7_pre50n_sda_in_row2=  5.00000e+00
rxe_i7_pre50n_scl_row2=  -6.31736e-08
rxe_i7_post50n_sel_087=  5.00000e+00
rxe_i7_post50n_last_bit_pending=  4.92439e-08
rxe_i7_post50n_shreg_0=  5.00000e+00
rxe_i7_post50n_shreg_1=  -1.96887e-06
rxe_i7_post50n_shreg_2=  -4.04533e-05
rxe_i7_post50n_shreg_3=  -1.96306e-06
rxe_i7_post50n_shreg_4=  -3.44696e-09
rxe_i7_post50n_shreg_5=  -8.10624e-05
rxe_i7_post50n_shreg_6=  5.25630e-08
rxe_i7_post50n_sda_in_row2=  5.00000e+00
rxe_i7_post50n_scl_row2=  5.00000e+00
rxe_i7_post500n_sel_087=  5.00000e+00
rxe_i7_post500n_last_bit_pending=  4.78357e-08
rxe_i7_post500n_shreg_0=  5.00000e+00
rxe_i7_post500n_shreg_1=  -1.69489e-06
rxe_i7_post500n_shreg_2=  -4.43779e-06
rxe_i7_post500n_shreg_3=  -1.69064e-06
rxe_i7_post500n_shreg_4=  4.64244e-09
rxe_i7_post500n_shreg_5=  -8.93136e-06
rxe_i7_post500n_shreg_6=  4.33445e-08
rxe_i7_post500n_sda_in_row2=  5.00000e+00
rxe_i7_post500n_scl_row2=  5.00000e+00
rxe_i6_pre50n_sel_087=  5.00000e+00
rxe_i6_pre50n_last_bit_pending=  3.34713e-08
rxe_i6_pre50n_shreg_0=  5.00000e+00
rxe_i6_pre50n_shreg_1=  -4.35112e-07
rxe_i6_pre50n_shreg_2=  -1.88509e-07
rxe_i6_pre50n_shreg_3=  -4.36635e-07
rxe_i6_pre50n_shreg_4=  3.01562e-08
rxe_i6_pre50n_shreg_5=  -3.94008e-07
rxe_i6_pre50n_shreg_6=  2.08537e-08
rxe_i6_pre50n_sda_in_row2=  1.43524e-07
rxe_i6_pre50n_scl_row2=  -1.37036e-09
rxe_i6_post50n_sel_087=  5.00000e+00
rxe_i6_post50n_last_bit_pending=  3.37483e-08
rxe_i6_post50n_shreg_0=  1.87433e-07
rxe_i6_post50n_shreg_1=  4.99997e+00
rxe_i6_post50n_shreg_2=  -1.86436e-07
rxe_i6_post50n_shreg_3=  -6.77485e-08
rxe_i6_post50n_shreg_4=  1.93345e-08
rxe_i6_post50n_shreg_5=  -3.92319e-07
rxe_i6_post50n_shreg_6=  2.13573e-08
rxe_i6_post50n_sda_in_row2=  5.62279e-06
rxe_i6_post50n_scl_row2=  5.00003e+00
rxe_i6_post500n_sel_087=  5.00000e+00
rxe_i6_post500n_last_bit_pending=  3.27774e-08
rxe_i6_post500n_shreg_0=  1.63152e-07
rxe_i6_post500n_shreg_1=  5.00000e+00
rxe_i6_post500n_shreg_2=  -1.77852e-07
rxe_i6_post500n_shreg_3=  1.57292e-08
rxe_i6_post500n_shreg_4=  1.86670e-08
rxe_i6_post500n_shreg_5=  -3.74830e-07
rxe_i6_post500n_shreg_6=  2.05593e-08
rxe_i6_post500n_sda_in_row2=  6.57202e-07
rxe_i6_post500n_scl_row2=  5.00000e+00
rxe_i5_pre50n_sel_087=  5.00000e+00
rxe_i5_pre50n_last_bit_pending=  2.82138e-08
rxe_i5_pre50n_shreg_0=  8.37940e-08
rxe_i5_pre50n_shreg_1=  5.00000e+00
rxe_i5_pre50n_shreg_2=  -8.19797e-08
rxe_i5_pre50n_shreg_3=  1.95630e-08
rxe_i5_pre50n_shreg_4=  2.89271e-08
rxe_i5_pre50n_shreg_5=  -1.80603e-07
rxe_i5_pre50n_shreg_6=  2.08547e-08
rxe_i5_pre50n_sda_in_row2=  5.00000e+00
rxe_i5_pre50n_scl_row2=  2.35503e-08
rxe_i5_post50n_sel_087=  5.00000e+00
rxe_i5_post50n_last_bit_pending=  2.85621e-08
rxe_i5_post50n_shreg_0=  5.00000e+00
rxe_i5_post50n_shreg_1=  3.09584e-08
rxe_i5_post50n_shreg_2=  5.00000e+00
rxe_i5_post50n_shreg_3=  2.70809e-08
rxe_i5_post50n_shreg_4=  2.09001e-08
rxe_i5_post50n_shreg_5=  2.98626e-08
rxe_i5_post50n_shreg_6=  2.09007e-08
rxe_i5_post50n_sda_in_row2=  5.00000e+00
rxe_i5_post50n_scl_row2=  5.00000e+00
rxe_i5_post500n_sel_087=  5.00000e+00
rxe_i5_post500n_last_bit_pending=  2.71739e-08
rxe_i5_post500n_shreg_0=  5.00000e+00
rxe_i5_post500n_shreg_1=  -4.53229e-09
rxe_i5_post500n_shreg_2=  5.00000e+00
rxe_i5_post500n_shreg_3=  8.72913e-10
rxe_i5_post500n_shreg_4=  1.31835e-08
rxe_i5_post500n_shreg_5=  2.47758e-08
rxe_i5_post500n_shreg_6=  2.09239e-08
rxe_i5_post500n_sda_in_row2=  5.00000e+00
rxe_i5_post500n_scl_row2=  5.00000e+00
rxe_i4_pre50n_sel_087=  5.00000e+00
rxe_i4_pre50n_last_bit_pending=  2.55982e-08
rxe_i4_pre50n_shreg_0=  5.00000e+00
rxe_i4_pre50n_shreg_1=  8.52851e-08
rxe_i4_pre50n_shreg_2=  5.00000e+00
rxe_i4_pre50n_shreg_3=  2.11486e-08
rxe_i4_pre50n_shreg_4=  2.79913e-08
rxe_i4_pre50n_shreg_5=  3.17159e-08
rxe_i4_pre50n_shreg_6=  2.08535e-08
rxe_i4_pre50n_sda_in_row2=  1.43346e-07
rxe_i4_pre50n_scl_row2=  -4.20075e-09
rxe_i4_post50n_sel_087=  5.00000e+00
rxe_i4_post50n_last_bit_pending=  2.51962e-08
rxe_i4_post50n_shreg_0=  8.68558e-08
rxe_i4_post50n_shreg_1=  4.99998e+00
rxe_i4_post50n_shreg_2=  2.81499e-05
rxe_i4_post50n_shreg_3=  5.00000e+00
rxe_i4_post50n_shreg_4=  6.49862e-08
rxe_i4_post50n_shreg_5=  -5.25809e-06
rxe_i4_post50n_shreg_6=  2.90416e-08
rxe_i4_post50n_sda_in_row2=  5.74421e-06
rxe_i4_post50n_scl_row2=  5.00003e+00
rxe_i4_post500n_sel_087=  5.00000e+00
rxe_i4_post500n_last_bit_pending=  2.59746e-08
rxe_i4_post500n_shreg_0=  -5.53477e-08
rxe_i4_post500n_shreg_1=  5.00000e+00
rxe_i4_post500n_shreg_2=  3.53960e-06
rxe_i4_post500n_shreg_3=  5.00000e+00
rxe_i4_post500n_shreg_4=  -3.18593e-08
rxe_i4_post500n_shreg_5=  -5.99266e-07
rxe_i4_post500n_shreg_6=  1.61651e-08
rxe_i4_post500n_sda_in_row2=  6.34927e-07
rxe_i4_post500n_scl_row2=  5.00000e+00
rxe_i3_pre50n_sel_087=  5.00000e+00
rxe_i3_pre50n_last_bit_pending=  2.40403e-08
rxe_i3_pre50n_shreg_0=  1.88648e-08
rxe_i3_pre50n_shreg_1=  5.00000e+00
rxe_i3_pre50n_shreg_2=  9.00041e-09
rxe_i3_pre50n_shreg_3=  5.00000e+00
rxe_i3_pre50n_shreg_4=  2.72900e-08
rxe_i3_pre50n_shreg_5=  -1.28650e-07
rxe_i3_pre50n_shreg_6=  2.08658e-08
rxe_i3_pre50n_sda_in_row2=  5.06278e-08
rxe_i3_pre50n_scl_row2=  -6.44585e-08
rxe_i3_post50n_sel_087=  5.00000e+00
rxe_i3_post50n_last_bit_pending=  5.01473e-08
rxe_i3_post50n_shreg_0=  2.12896e-08
rxe_i3_post50n_shreg_1=  2.23240e-07
rxe_i3_post50n_shreg_2=  5.00000e+00
rxe_i3_post50n_shreg_3=  2.20194e-07
rxe_i3_post50n_shreg_4=  5.00000e+00
rxe_i3_post50n_shreg_5=  -6.77516e-08
rxe_i3_post50n_shreg_6=  2.31514e-08
rxe_i3_post50n_sda_in_row2=  1.75452e-07
rxe_i3_post50n_scl_row2=  5.00000e+00
rxe_i3_post500n_sel_087=  5.00000e+00
rxe_i3_post500n_last_bit_pending=  2.48912e-08
rxe_i3_post500n_shreg_0=  1.86355e-08
rxe_i3_post500n_shreg_1=  1.65673e-07
rxe_i3_post500n_shreg_2=  5.00000e+00
rxe_i3_post500n_shreg_3=  1.62992e-07
rxe_i3_post500n_shreg_4=  5.00000e+00
rxe_i3_post500n_shreg_5=  2.41011e-08
rxe_i3_post500n_shreg_6=  2.08770e-08
rxe_i3_post500n_sda_in_row2=  1.46157e-07
rxe_i3_post500n_scl_row2=  5.00000e+00
rxe_i2_pre50n_sel_087=  5.00000e+00
rxe_i2_pre50n_last_bit_pending=  2.29955e-08
rxe_i2_pre50n_shreg_0=  1.88272e-08
rxe_i2_pre50n_shreg_1=  3.12213e-08
rxe_i2_pre50n_shreg_2=  5.00000e+00
rxe_i2_pre50n_shreg_3=  3.12873e-08
rxe_i2_pre50n_shreg_4=  5.00000e+00
rxe_i2_pre50n_shreg_5=  3.43272e-08
rxe_i2_pre50n_shreg_6=  2.08461e-08
rxe_i2_pre50n_sda_in_row2=  5.00000e+00
rxe_i2_pre50n_scl_row2=  -6.50937e-08
rxe_i2_post50n_sel_087=  5.00000e+00
rxe_i2_post50n_last_bit_pending=  2.32811e-08
rxe_i2_post50n_shreg_0=  5.00001e+00
rxe_i2_post50n_shreg_1=  -6.35221e-05
rxe_i2_post50n_shreg_2=  -2.72198e-05
rxe_i2_post50n_shreg_3=  4.99998e+00
rxe_i2_post50n_shreg_4=  2.52054e-08
rxe_i2_post50n_shreg_5=  4.99999e+00
rxe_i2_post50n_shreg_6=  2.20667e-08
rxe_i2_post50n_sda_in_row2=  5.00000e+00
rxe_i2_post50n_scl_row2=  5.00000e+00
rxe_i2_post500n_sel_087=  5.00000e+00
rxe_i2_post500n_last_bit_pending=  2.33609e-08
rxe_i2_post500n_shreg_0=  5.00000e+00
rxe_i2_post500n_shreg_1=  -9.06100e-06
rxe_i2_post500n_shreg_2=  -4.06552e-06
rxe_i2_post500n_shreg_3=  5.00000e+00
rxe_i2_post500n_shreg_4=  2.65180e-08
rxe_i2_post500n_shreg_5=  5.00000e+00
rxe_i2_post500n_shreg_6=  2.21030e-08
rxe_i2_post500n_sda_in_row2=  5.00000e+00
rxe_i2_post500n_scl_row2=  5.00000e+00
rxe_i1_pre50n_sel_087=  5.00000e+00
rxe_i1_pre50n_last_bit_pending=  2.22736e-08
rxe_i1_pre50n_shreg_0=  5.00000e+00
rxe_i1_pre50n_shreg_1=  -5.39963e-07
rxe_i1_pre50n_shreg_2=  -1.83257e-07
rxe_i1_pre50n_shreg_3=  5.00000e+00
rxe_i1_pre50n_shreg_4=  2.01763e-08
rxe_i1_pre50n_shreg_5=  5.00000e+00
rxe_i1_pre50n_shreg_6=  2.08539e-08
rxe_i1_pre50n_sda_in_row2=  1.43476e-07
rxe_i1_pre50n_scl_row2=  -4.82151e-09
rxe_i1_post50n_sel_087=  -2.21357e-05
rxe_i1_post50n_last_bit_pending=  5.00000e+00
rxe_i1_post50n_shreg_0=  7.26485e-09
rxe_i1_post50n_shreg_1=  5.00000e+00
rxe_i1_post50n_shreg_2=  5.37616e-09
rxe_i1_post50n_shreg_3=  6.90040e-09
rxe_i1_post50n_shreg_4=  5.00000e+00
rxe_i1_post50n_shreg_5=  7.23743e-09
rxe_i1_post50n_shreg_6=  5.00000e+00
rxe_i1_post50n_sda_in_row2=  6.06868e-06
rxe_i1_post50n_scl_row2=  5.00003e+00
rxe_i1_post500n_sel_087=  1.57440e-06
rxe_i1_post500n_last_bit_pending=  5.00000e+00
rxe_i1_post500n_shreg_0=  5.25425e-08
rxe_i1_post500n_shreg_1=  5.00000e+00
rxe_i1_post500n_shreg_2=  4.48020e-08
rxe_i1_post500n_shreg_3=  7.36166e-08
rxe_i1_post500n_shreg_4=  5.00000e+00
rxe_i1_post500n_shreg_5=  3.94981e-08
rxe_i1_post500n_shreg_6=  5.00000e+00
rxe_i1_post500n_sda_in_row2=  6.62727e-07
rxe_i1_post500n_scl_row2=  5.00000e+00
rxe_i0_pre50n_sel_087=  2.05312e-07
rxe_i0_pre50n_last_bit_pending=  5.00000e+00
rxe_i0_pre50n_shreg_0=  1.86387e-08
rxe_i0_pre50n_shreg_1=  5.00000e+00
rxe_i0_pre50n_shreg_2=  2.04436e-08
rxe_i0_pre50n_shreg_3=  1.86380e-08
rxe_i0_pre50n_shreg_4=  5.00000e+00
rxe_i0_pre50n_shreg_5=  1.86389e-08
rxe_i0_pre50n_shreg_6=  5.00000e+00
rxe_i0_pre50n_sda_in_row2=  5.00000e+00
rxe_i0_pre50n_scl_row2=  4.73251e-08
rxe_i0_post50n_sel_087=  5.00000e+00
rxe_i0_post50n_last_bit_pending=  2.97027e-08
rxe_i0_post50n_shreg_0=  5.00000e+00
rxe_i0_post50n_shreg_1=  -1.27457e-08
rxe_i0_post50n_shreg_2=  5.00000e+00
rxe_i0_post50n_shreg_3=  7.36841e-10
rxe_i0_post50n_shreg_4=  2.24324e-08
rxe_i0_post50n_shreg_5=  5.00000e+00
rxe_i0_post50n_shreg_6=  7.35794e-08
rxe_i0_post50n_sda_in_row2=  5.00000e+00
rxe_i0_post50n_scl_row2=  5.00000e+00
rxe_i0_post500n_sel_087=  5.00000e+00
rxe_i0_post500n_last_bit_pending=  2.09344e-08
rxe_i0_post500n_shreg_0=  5.00000e+00
rxe_i0_post500n_shreg_1=  1.75498e-08
rxe_i0_post500n_shreg_2=  5.00000e+00
rxe_i0_post500n_shreg_3=  1.85667e-08
rxe_i0_post500n_shreg_4=  2.05437e-08
rxe_i0_post500n_shreg_5=  5.00000e+00
rxe_i0_post500n_shreg_6=  2.82495e-08
rxe_i0_post500n_sda_in_row2=  5.00000e+00
rxe_i0_post500n_scl_row2=  5.00000e+00
rxdiag_shreg_0      =  2.10456e-08
rxdiag_shreg_1      =  5.00000e+00
rxdiag_shreg_2      =  -2.83290e-07
rxdiag_shreg_3      =  5.00000e+00
rxdiag_shreg_4      =  6.01377e-08
rxdiag_shreg_5      =  -5.88947e-07
rxdiag_shreg_6      =  5.00000e+00
rxdiag_sda_in_row2  =  2.80908e-07
rxdiag_nc_out3      =  5.00000e+00
rxdiag_nc_out4      =  2.08529e-08
rxdiag_nc_out5      =  5.00000e+00
rxdiag_nc_out6      =  2.08529e-08
rxdiag_nc_out11     =  5.00000e+00
rxdiag_nc_out12     =  2.08529e-08
rxdiag_nc_out13     =  5.00000e+00
rxdiag_nc_out14     =  2.08529e-08
stop1_busy_m500n    =  5.00000e+00
stop1_busy_clr_m500n=  8.33271e-08
stop1_qn_m500n      =  -4.04475e-09
stop1_scl_row2_m500n=  5.00000e+00
stop1_sda_in_row2_m500n=  8.11081e-08
stop1_sda_d_m500n   =  1.51608e-08
stop1_busy_m100n    =  5.00000e+00
stop1_busy_clr_m100n=  8.06586e-08
stop1_qn_m100n      =  7.29207e-08
stop1_scl_row2_m100n=  5.00000e+00
stop1_sda_in_row2_m100n=  9.83859e-08
stop1_sda_d_m100n   =  3.61771e-08
stop1_busy_m50n     =  5.00000e+00
stop1_busy_clr_m50n =  8.23072e-08
stop1_qn_m50n       =  2.06702e-08
stop1_scl_row2_m50n =  5.00000e+00
stop1_sda_in_row2_m50n=  8.26914e-08
stop1_sda_d_m50n    =  2.06058e-08
stop1_busy_m20n     =  5.00000e+00
stop1_busy_clr_m20n =  7.63066e-08
stop1_qn_m20n       =  1.95095e-08
stop1_scl_row2_m20n =  5.00000e+00
stop1_sda_in_row2_m20n=  -1.08347e-06
stop1_sda_d_m20n    =  2.01964e-08
stop1_busy_m10n     =  4.96364e+00
stop1_busy_clr_m10n =  4.47985e-01
stop1_qn_m10n       =  -1.28989e-03
stop1_scl_row2_m10n =  4.97780e+00
stop1_sda_in_row2_m10n=  3.14997e+00
stop1_sda_d_m10n    =  -3.60819e-04
stop1_busy_m5n      =  2.98638e+00
stop1_busy_clr_m5n  =  4.26876e+00
stop1_qn_m5n        =  4.22621e-02
stop1_scl_row2_m5n  =  4.99596e+00
stop1_sda_in_row2_m5n=  5.30291e+00
stop1_sda_d_m5n     =  3.94363e-04
stop1_busy_evt      =  2.45443e-02
stop1_busy_clr_evt  =  4.99831e+00
stop1_qn_evt        =  4.93040e+00
stop1_scl_row2_evt  =  5.01094e+00
stop1_sda_in_row2_evt=  4.99914e+00
stop1_sda_d_evt     =  -3.56625e-02
stop1_busy_p5n      =  8.69673e-04
stop1_busy_clr_p5n  =  5.06304e+00
stop1_qn_p5n        =  5.00005e+00
stop1_scl_row2_p5n  =  4.99368e+00
stop1_sda_in_row2_p5n=  5.00336e+00
stop1_sda_d_p5n     =  4.07391e+00
stop1_busy_p10n     =  -8.98944e-03
stop1_busy_clr_p10n =  1.53404e-01
stop1_qn_p10n       =  5.00685e+00
stop1_scl_row2_p10n =  5.00060e+00
stop1_sda_in_row2_p10n=  4.99931e+00
stop1_sda_d_p10n    =  4.98427e+00
stop1_busy_p20n     =  1.30336e-05
stop1_busy_clr_p20n =  -1.11207e-05
stop1_qn_p20n       =  4.99999e+00
stop1_scl_row2_p20n =  5.00005e+00
stop1_sda_in_row2_p20n=  4.99991e+00
stop1_sda_d_p20n    =  5.00001e+00
stop1_busy_p50n     =  4.37496e-06
stop1_busy_clr_p50n =  -9.94604e-06
stop1_qn_p50n       =  5.00000e+00
stop1_scl_row2_p50n =  5.00002e+00
stop1_sda_in_row2_p50n=  4.99998e+00
stop1_sda_d_p50n    =  5.00000e+00
stop1_busy_p100n    =  1.60200e-06
stop1_busy_clr_p100n=  -9.97771e-06
stop1_qn_p100n      =  5.00000e+00
stop1_scl_row2_p100n=  5.00001e+00
stop1_sda_in_row2_p100n=  4.99999e+00
stop1_sda_d_p100n   =  5.00000e+00
stop1_busy_p500n    =  1.37376e-06
stop1_busy_clr_p500n=  8.12903e-06
stop1_qn_p500n      =  5.00000e+00
stop1_scl_row2_p500n=  5.00000e+00
stop1_sda_in_row2_p500n=  5.00000e+00
stop1_sda_d_p500n   =  5.00000e+00
stop1_busy_p1u      =  7.52477e-07
stop1_busy_clr_p1u  =  7.50336e-06
stop1_qn_p1u        =  5.00000e+00
stop1_scl_row2_p1u  =  5.00000e+00
stop1_sda_in_row2_p1u=  5.00000e+00
stop1_sda_d_p1u     =  5.00000e+00
stop1_busy_p2u      =  3.78153e-07
stop1_busy_clr_p2u  =  6.71216e-06
stop1_qn_p2u        =  5.00000e+00
stop1_scl_row2_p2u  =  5.00000e+00
stop1_sda_in_row2_p2u=  5.00000e+00
stop1_sda_d_p2u     =  5.00000e+00
stop1_busy_p5u      =  -5.99390e-08
stop1_busy_clr_p5u  =  -6.82694e-06
stop1_qn_p5u        =  5.00000e+00
stop1_scl_row2_p5u  =  5.00000e+00
stop1_sda_in_row2_p5u=  5.00000e+00
stop1_sda_d_p5u     =  5.00000e+00


Checking parameters for BSIM 3.3 model mne_mst
Warning: Pd = 0 is less than W.
Warning: Ps = 0 is less than W.

Checking parameters for BSIM 3.3 model mne_mst
Warning: Pd = 0 is less than W.
Warning: Ps = 0 is less than W.

Checking parameters for BSIM 3.3 model mne_mst
Warning: Pd = 0 is less than W.
Warning: Ps = 0 is less than W.
Warning: can't parse 'xdut.nc_core_busy': ignored
Warning: can't parse 'p2': ignored
Warning: can't parse 'xdut.nc_core_addr_match': ignored
Warning: can't parse 'xdut.nc_core_rw': ignored
Warning: can't parse 'xdut.nc_out11': ignored
Warning: can't parse 'xdut.nc_out12': ignored
Warning: can't parse 'xdut.nc_out13': ignored
Warning: can't parse 'xdut.nc_out14': ignored
Warning: can't parse 'xdut.nc_out6': ignored
Warning: can't parse 'xdut.nc_out5': ignored
Warning: can't parse 'xdut.nc_out4': ignored
Warning: can't parse 'xdut.nc_out3': ignored
Warning: can't parse 'xdut.x2._087_': ignored
Warning: can't parse 'xdut.x2.last_bit_pending': ignored
Warning: can't parse 'xdut.x2.shreg_0': ignored
Warning: can't parse 'xdut.x2.shreg_1': ignored
Warning: can't parse 'xdut.x2.shreg_2': ignored
Warning: can't parse 'xdut.x2.shreg_3': ignored
Warning: can't parse 'xdut.x2.shreg_4': ignored
Warning: can't parse 'xdut.x2.shreg_5': ignored
Warning: can't parse 'xdut.x2.shreg_6': ignored
Warning: can't parse 'xdut.x2.sda_in_row2': ignored
Warning: can't parse 'xdut.x2.scl_row2': ignored
Warning: can't parse 'xdut.x2._077_': ignored
Warning: can't parse 'xdut.x2.qn': ignored
Warning: can't parse 'xdut.x2.sda_d': ignored
Doing analysis at TEMP = 27.000000 and TNOM = 27.000000

Using SPARSE 1.3 as Direct Linear Solver

Initial Transient Solution
--------------------------

Node                                   Voltage
----                                   -------
vdd                                          5
vss                                          0
p15                                          0
p7                                           5
p9                                 2.00283e-08
p10                                2.00283e-08
p11                                          0
p12                                          0
p13                                          5
p14                                          5
p6                                           5
p5                                           5
p4                                           0
p3                                           0
p1                                           5
sda_ctrl                                     0
p2                                      4.9505
xdut.x1.x1.pg                                5
xdut.x1.x1.ng                      1.39324e-08
xdut.x1.x1.pgg                     7.94869e-09
xdut.x1.x1.ngg                               5
xdut.x1.x1.net2                        4.96989
xdut.x1.x1.net1                              5
xdut.x1.x1.enb                     1.43584e-08
xdut.x1.x1.net3                    6.26479e-09
xdut.nc_out1                                 0
xdut.x1.x4.pg                                5
xdut.x1.x4.ng                      1.39324e-08
xdut.x1.x4.pgg                     7.94869e-09
xdut.x1.x4.ngg                               5
xdut.nc_hiz2                                 5
xdut.x1.x4.net2                        4.96989
xdut.x1.x4.net1                              5
xdut.x1.x4.enb                     1.43584e-08
xdut.x1.x4.net3                    6.26479e-09
xdut.x1.x5.pg                                5
xdut.x1.x5.ng                      1.39324e-08
xdut.x1.x5.pgg                     7.94869e-09
xdut.x1.x5.ngg                               5
xdut.x1.x5.net2                        4.96989
xdut.x1.x5.net1                              5
xdut.x1.x5.enb                     1.43584e-08
xdut.x1.x5.net3                    6.26479e-09
xdut.nc_out3                       2.08524e-08
xdut.x1.x6.pg                                5
xdut.x1.x6.ng                      1.39324e-08
xdut.x1.x6.pgg                     7.94869e-09
xdut.x1.x6.ngg                               5
xdut.x1.x6.net2                        4.96989
xdut.x1.x6.net1                              5
xdut.x1.x6.enb                     1.43584e-08
xdut.x1.x6.net3                    6.26479e-09
xdut.nc_out4                       2.08524e-08
xdut.x1.x7.pg                                5
xdut.x1.x7.ng                      1.39324e-08
xdut.x1.x7.pgg                     7.94869e-09
xdut.x1.x7.ngg                               5
xdut.x1.x7.net2                        4.96989
xdut.x1.x7.net1                              5
xdut.x1.x7.enb                     1.43584e-08
xdut.x1.x7.net3                    6.26479e-09
xdut.nc_out5                       2.08524e-08
xdut.x1.x8.pg                                5
xdut.x1.x8.ng                      1.39324e-08
xdut.x1.x8.pgg                     7.94869e-09
xdut.x1.x8.ngg                               5
xdut.x1.x8.net2                        4.96989
xdut.x1.x8.net1                              5
xdut.x1.x8.enb                     1.43584e-08
xdut.x1.x8.net3                    6.26479e-09
xdut.nc_out6                       2.08524e-08
xdut.x1.x9.pg                                5
xdut.x1.x9.ng                      1.39324e-08
xdut.x1.x9.pgg                     7.94869e-09
xdut.x1.x9.ngg                               5
xdut.x1.x9.net2                        4.96989
xdut.x1.x9.net1                              5
xdut.x1.x9.enb                     1.43584e-08
xdut.x1.x9.net3                    6.26479e-09
xdut.nc_out7                                 0
xdut.x1.x10.pg                               5
xdut.x1.x10.ng                     1.39324e-08
xdut.x1.x10.pgg                    7.94869e-09
xdut.x1.x10.ngg                              5
xdut.x1.x10.net2                       4.96989
xdut.x1.x10.net1                             5
xdut.x1.x10.enb                    1.43584e-08
xdut.x1.x10.net3                   6.26479e-09
xdut.nc_out15                                0
xdut.x1.x11.pg                               5
xdut.x1.x11.ng                     1.39324e-08
xdut.x1.x11.pgg                    7.94869e-09
xdut.x1.x11.ngg                              5
xdut.x1.x11.net2                       4.96989
xdut.x1.x11.net1                             5
xdut.x1.x11.enb                    1.43584e-08
xdut.x1.x11.net3                   6.26479e-09
xdut.nc_out14                      2.08524e-08
xdut.x1.x12.pg                               5
xdut.x1.x12.ng                     1.39324e-08
xdut.x1.x12.pgg                    7.94869e-09
xdut.x1.x12.ngg                              5
xdut.x1.x12.net2                       4.96989
xdut.x1.x12.net1                             5
xdut.x1.x12.enb                    1.43584e-08
xdut.x1.x12.net3                   6.26479e-09
xdut.nc_out13                      2.08524e-08
xdut.x1.x13.pg                               5
xdut.x1.x13.ng                     1.39324e-08
xdut.x1.x13.pgg                    7.94869e-09
xdut.x1.x13.ngg                              5
xdut.x1.x13.net2                       4.96989
xdut.x1.x13.net1                             5
xdut.x1.x13.enb                    1.43584e-08
xdut.x1.x13.net3                   6.26479e-09
xdut.nc_out12                      2.08524e-08
xdut.x1.x14.pg                               5
xdut.x1.x14.ng                     1.39324e-08
xdut.x1.x14.pgg                    7.94869e-09
xdut.x1.x14.ngg                              5
xdut.x1.x14.net2                       4.96989
xdut.x1.x14.net1                             5
xdut.x1.x14.enb                    1.43584e-08
xdut.x1.x14.net3                   6.26479e-09
xdut.nc_out11                      2.08524e-08
xdut.x1.x15.pg                               5
xdut.x1.x15.ng                               5
xdut.x1.x15.pgg                    3.77213e-08
xdut.x1.x15.ngg                    5.74338e-08
xdut.x1.x15.net2                       1.26674
xdut.x1.x15.net1                             5
xdut.x1.x15.enb                              5
xdut.x1.x15.net3                   2.87169e-08
xdut.nc_out10                                0
xdut.x1.x16.pg                               5
xdut.x1.x16.ng                               5
xdut.x1.x16.pgg                    3.77213e-08
xdut.x1.x16.ngg                    5.74338e-08
xdut.x1.x16.net2                       1.26674
xdut.x1.x16.net1                             5
xdut.x1.x16.enb                              5
xdut.x1.x16.net3                   2.87169e-08
xdut.nc_out9                                 0
xdut.x2._079_                                5
xdut.x2.bit_cnt_0                  2.08524e-08
xdut.x2._080_                                5
xdut.nc_core_addr_match            2.08524e-08
xdut.x2._081_                                5
xdut.x2._082_                      2.05775e-08
xdut.x2.sda_d                                5
xdut.x2._083_                      8.23099e-08
xdut.x2.scl_row2                             5
xdut.x2.x_384_.net1                 4.1155e-08
xdut.x2.x_385_.net1                    1.26844
xdut.x2.sda_in_row2                          5
xdut.x2._167_                      3.74566e-08
xdut.x2.x_386_.net2                          5
xdut.x2.x_386_.net1                2.05775e-08
xdut.x2._143_                                5
xdut.x2.x_387_.net1                    4.96992
xdut.x2.rst_scl_domain_held                  5
xdut.x2._016_                       7.8869e-09
xdut.x2.x_388_.net1                          5
xdut.nc_core_busy                   7.8869e-09
xdut.x2._017_                      2.05775e-08
xdut.x2.x_388_.net2                   0.034793
xdut.x2.x_389_.net2                    1.26844
xdut.x2._209_                                5
xdut.x2.x_389_.net1                3.74566e-08
xdut.x2.phase_2                    2.08524e-08
xdut.x2._084_                                5
xdut.x2.x_390_.net2                    4.96992
xdut.x2.x_390_.net1                7.88689e-09
xdut.x2._210_                                5
xdut.x2._085_                                5
xdut.nc_core_rx_valid              2.05775e-08
xdut.x2.x_392_.net1                          5
xdut.x2.phase_0                    2.08524e-08
xdut.x2.x_392_.net2                          5
xdut.x2._086_                      2.05775e-08
xdut.x2._087_                                5
xdut.x2.last_bit_pending           2.08524e-08
xdut.x2.x_393_.net1                   0.034793
xdut.x2.x_394_.sb                   1.6168e-08
xdut.x2.x_394_.net2                          5
xdut.x2.x_394_.net3                          5
xdut.x2.x_394_.net1                          5
xdut.x2.shreg_5                    2.08524e-08
xdut.x2._049_                      2.19645e-08
xdut.x2.x_395_.sb                   1.6168e-08
xdut.x2.x_395_.net2                          5
xdut.x2.x_395_.net3                          5
xdut.x2.x_395_.net1                          5
xdut.x2.shreg_4                    2.08524e-08
xdut.x2._050_                      2.19645e-08
xdut.x2.x_396_.sb                   1.6168e-08
xdut.x2.x_396_.net2                          5
xdut.x2.x_396_.net3                          5
xdut.x2.x_396_.net1                          5
xdut.x2.shreg_3                    2.08524e-08
xdut.x2._051_                      2.19645e-08
xdut.x2.x_397_.sb                   1.6168e-08
xdut.x2.x_397_.net2                          5
xdut.x2.x_397_.net3                          5
xdut.x2.x_397_.net1                          5
xdut.x2.shreg_2                    2.08524e-08
xdut.x2._052_                      2.19645e-08
xdut.x2.x_398_.sb                   1.6168e-08
xdut.x2.x_398_.net2                          5
xdut.x2.x_398_.net3                          5
xdut.x2.x_398_.net1                          5
xdut.x2.shreg_1                    2.08524e-08
xdut.x2._053_                      2.19645e-08
xdut.x2.x_399_.sb                   1.6168e-08
xdut.x2.x_399_.net2                          5
xdut.x2.x_399_.net3                          5
xdut.x2.x_399_.net1                          5
xdut.x2.shreg_0                    2.08524e-08
xdut.x2._054_                      2.19645e-08
xdut.x2.x_400_.sb                   1.6168e-08
xdut.x2.x_400_.net2                3.86007e-08
xdut.x2.x_400_.net3                          5
xdut.x2.x_400_.net1                          5
xdut.x2._055_                      2.19645e-08
xdut.x2.x_401_.net1                          5
xdut.x2.bit_cnt_1                  2.08524e-08
xdut.x2._088_                                5
xdut.x2.x_402_.net1                          5
xdut.x2.x_402_.net2                    1.26844
xdut.x2._216_                                5
xdut.x2._089_                      3.74566e-08
xdut.x2.phase_1                    2.08524e-08
xdut.x2.x_403_.net1                          5
xdut.x2.x_403_.net2                    1.26844
xdut.x2.x_403_.net3                3.74566e-08
xdut.x2._090_                                5
xdut.x2.x_404_.net1                          5
xdut.x2.bit_cnt_2                  2.08524e-08
xdut.x2._091_                      2.05775e-08
xdut.x2._092_                                5
xdut.x2.x_405_.net1                6.26479e-09
xdut.x2.x_406_.sb                   1.6168e-08
xdut.x2.x_406_.net2                          5
xdut.x2.x_406_.net3                          5
xdut.x2.x_406_.net1                          5
xdut.x2.txreg_6                    2.08524e-08
xdut.x2._056_                      2.19645e-08
xdut.x2.x_407_.sb                   1.6168e-08
xdut.x2.x_407_.net2                3.86007e-08
xdut.x2.x_407_.net3                          5
xdut.x2.x_407_.net1                          5
xdut.x2.txreg_5                    2.08524e-08
xdut.x2._057_                      2.19645e-08
xdut.x2.x_408_.sb                   1.6168e-08
xdut.x2.x_408_.net2                3.86007e-08
xdut.x2.x_408_.net3                          5
xdut.x2.x_408_.net1                          5
xdut.x2.txreg_4                    2.08524e-08
xdut.x2._058_                      2.19645e-08
xdut.x2.x_409_.sb                   1.6168e-08
xdut.x2.x_409_.net2                3.86007e-08
xdut.x2.x_409_.net3                          5
xdut.x2.x_409_.net1                          5
xdut.x2.txreg_3                    2.08524e-08
xdut.x2._059_                      2.19645e-08
xdut.x2.x_410_.sb                   1.6168e-08
xdut.x2.x_410_.net2                3.86007e-08
xdut.x2.x_410_.net3                          5
xdut.x2.x_410_.net1                          5
xdut.x2.txreg_2                    2.08524e-08
xdut.x2._060_                      2.19645e-08
xdut.x2.x_411_.sb                   1.6168e-08
xdut.x2.x_411_.net2                          5
xdut.x2.x_411_.net3                          5
xdut.x2.x_411_.net1                          5
xdut.x2.txreg_1                    2.08524e-08
xdut.x2._061_                      2.19645e-08
xdut.x2.x_412_.sb                   1.6168e-08
xdut.x2.x_412_.net2                          5
xdut.x2.x_412_.net3                          5
xdut.x2.x_412_.net1                          5
xdut.x2.txreg_0                    2.08524e-08
xdut.x2._062_                      2.19645e-08
xdut.x2.x_413_.net1                          5
xdut.x2.x_413_.net2                          5
xdut.x2._093_                                5
xdut.x2.x_414_.net1                          5
xdut.x2.x_414_.net2                          5
xdut.x2._094_                      2.05775e-08
xdut.x2.x_415_.net1                          5
xdut.x2._095_                                5
xdut.x2.x_416_.net2                          5
xdut.x2.x_416_.net1                2.05775e-08
xdut.x2._096_                                5
xdut.x2.x_417_.net1                    4.97147
xdut.x2.x_417_.net2                    1.26026
xdut.x2._097_                      1.65922e-08
xdut.x2.x_418_.net2                    4.96992
xdut.x2.x_418_.net1                7.88689e-09
xdut.x2._098_                                5
xdut.x2.x_419_.net2                    1.26844
xdut.x2.x_419_.net1                3.74566e-08
xdut.x2._099_                                5
xdut.x2.x_420_.net1                          5
xdut.x2.x_420_.net4                    4.14374
xdut.x2.x_420_.net3                1.17335e-08
xdut.x2.x_420_.net2                5.86677e-09
xdut.x2._100_                      2.05775e-08
xdut.x2._101_                                5
xdut.x2.sda_in_row1                          5
xdut.x2.x_421_.net1                6.26479e-09
xdut.x2.x_422_.net1                    4.96992
xdut.x2._102_                      7.88689e-09
xdut.x2._215_                                5
xdut.x2.x_423_.net1                    1.26844
xdut.x2._103_                      3.74566e-08
xdut.x2._104_                      8.23099e-08
xdut.x2.x_424_.net1                 4.1155e-08
xdut.x2.x_425_.net1                          5
xdut.x2.x_425_.net2                          5
xdut.x2.x_425_.net4                          5
xdut.x2._105_                      2.05775e-08
xdut.x2.x_425_.net3                          5
xdut.x2.x_426_.sb                   1.6168e-08
xdut.x2.x_426_.net2                          5
xdut.x2.x_426_.net3                          5
xdut.x2.x_426_.net1                          5
xdut.x2._063_                      2.19645e-08
xdut.x2._106_                                5
xdut.x2.x_427_.net1                    4.14374
xdut.x2._107_                                5
xdut.x2.x_428_.net1                   0.034793
xdut.x2._064_                      1.85197e-07
xdut.x2.x_429_.net1                1.23465e-07
xdut.x2.x_429_.net2                6.17324e-08
xdut.x2._108_                                5
xdut.x2.x_430_.net1                   0.034793
xdut.x2.x_431_.net1                          5
xdut.x2.x_431_.net2                          5
xdut.x2._109_                                5
xdut.x2.x_432_.net1                          5
xdut.x2._110_                      2.05775e-08
xdut.x2.x_432_.net2                6.26479e-09
xdut.x2.x_433_.net1                          5
xdut.x2._111_                                5
xdut.x2._112_                                5
xdut.x2.x_434_.net1                   0.034793
xdut.x2.x_435_.net1                          5
xdut.x2.x_435_.net2                          5
xdut.x2.x_435_.net3                          5
xdut.x2._113_                      2.05775e-08
xdut.x2.x_435_.net4                1.01169e-08
xdut.x2._114_                                5
xdut.x2.x_436_.net1                6.26479e-09
xdut.x2._065_                      8.23099e-08
xdut.x2.x_437_.net1                 4.1155e-08
xdut.x2._115_                                5
xdut.x2.x_438_.net1                   0.034793
xdut.x2._116_                      8.23099e-08
xdut.x2._212_                                5
xdut.x2.x_439_.net1                 4.1155e-08
xdut.x2._066_                                5
xdut.x2.x_440_.net1                 6.2648e-09
xdut.x2.x_441_.net1                    4.97152
xdut.x2._191_                                5
xdut.x2.x_441_.net2                     1.3056
xdut.x2._194_                                5
xdut.x2.x_441_.net4                    1.28677
xdut.x2._117_                                5
xdut.x2.x_441_.net3                2.51911e-08
xdut.x2.x_442_.net1                          5
xdut.x2.x_442_.net2                          5
xdut.x2.x_442_.net3                          5
xdut.x2._118_                      2.05775e-08
xdut.x2.x_443_.sb                   1.6168e-08
xdut.x2.x_443_.net2                          5
xdut.x2.x_443_.net3                          5
xdut.x2.x_443_.net1                          5
xdut.x2._067_                      2.19645e-08
xdut.x2._119_                                5
xdut.x2.x_444_.net1                   0.034793
xdut.x2.x_445_.net1                          5
xdut.x2._120_                      1.16068e-07
xdut.x2.x_445_.net4                    1.26844
xdut.x2.x_445_.net3                    4.14374
xdut.x2.x_445_.net2                5.80341e-08
xdut.x2._121_                                5
xdut.x2.x_446_.net1                 6.2648e-09
xdut.x2._068_                      8.23099e-08
xdut.x2.x_447_.net1                 4.1155e-08
xdut.x2.x_448_.sb                   1.6168e-08
xdut.x2.x_448_.net2                3.86007e-08
xdut.x2.x_448_.net3                          5
xdut.x2.x_448_.net1                          5
xdut.nc_core_rw                    2.08524e-08
xdut.x2._069_                      2.19645e-08
xdut.x2.x_449_.net1                    1.26844
xdut.x2._122_                      3.74566e-08
xdut.x2.x_450_.net1                    1.26844
xdut.x2._123_                      3.74566e-08
xdut.x2.x_451_.net1                          5
xdut.x2.x_451_.net2                          5
xdut.x2.x_451_.net3                    1.26844
xdut.x2._124_                      3.74566e-08
xdut.x2.x_452_.net1                    1.26844
xdut.x2._070_                      3.74566e-08
xdut.x2.x_453_.sb                   1.6168e-08
xdut.x2.x_453_.net2                          5
xdut.x2.x_453_.net3                          5
xdut.x2.x_453_.net1                          5
xdut.x2.txreg_7                    2.08524e-08
xdut.x2._071_                      2.19645e-08
xdut.x2.x_454_.sb                   1.6168e-08
xdut.x2.x_454_.net2                          5
xdut.x2.x_454_.net3                          5
xdut.x2.x_454_.net1                          5
xdut.x2.shreg_6                    2.08524e-08
xdut.x2._072_                      2.19645e-08
xdut.x2.x_455_.sb                            5
xdut.x2.x_455_.net2                          5
xdut.x2.x_455_.net3                          5
xdut.x2.x_455_.net1                          5
xdut.x2._125_                      2.19645e-08
xdut.x2._126_                                5
xdut.x2.x_456_.net1                6.26479e-09
xdut.x2.x_457_.sb                            5
xdut.x2.x_457_.net2                          5
xdut.x2.x_457_.net3                          5
xdut.x2.x_457_.net1                          5
xdut.x2._127_                      2.19645e-08
xdut.x2._128_                                5
xdut.x2.x_458_.net1                   0.034793
xdut.x2._129_                                5
xdut.x2.x_459_.net1                    4.10022
xdut.x2.x_459_.net2                    4.08139
xdut.x2._130_                                5
xdut.x2.x_460_.net1                   0.034793
xdut.x2.x_461_.sb                            5
xdut.x2.x_461_.net2                          5
xdut.x2.x_461_.net3                          5
xdut.x2.x_461_.net1                          5
xdut.x2._131_                      2.19645e-08
xdut.x2.x_462_.sb                            5
xdut.x2.x_462_.net2                          5
xdut.x2.x_462_.net3                          5
xdut.x2.x_462_.net1                          5
xdut.x2._132_                      2.19645e-08
xdut.x2.x_463_.sb                   1.6168e-08
xdut.x2.x_463_.net2                          5
xdut.x2.x_463_.net3                          5
xdut.x2.x_463_.net1                          5
xdut.x2._133_                      2.19645e-08
xdut.x2.x_464_.net1                    1.26844
xdut.x2._134_                      3.74566e-08
xdut.x2.x_465_.net1                    4.96992
xdut.x2._135_                       7.8869e-09
xdut.x2.x_466_.net1                          5
xdut.x2.x_466_.net2                          5
xdut.x2._136_                                5
xdut.x2._005_                        8.231e-08
xdut.x2.x_467_.net1                 4.1155e-08
xdut.x2.x_468_.net1                    4.97069
xdut.x2._211_                                5
xdut.x2.x_468_.net2                    4.97069
xdut.x2._004_                       7.9283e-09
xdut.x2._214_                                5
xdut.x2.x_469_.net1                          5
xdut.x2._156_                      2.05775e-08
xdut.x2.x_469_.net2                    4.14374
xdut.x2.x_470_.net1                    4.96992
xdut.x2._144_                       7.8869e-09
xdut.x2._137_                                5
xdut.x2.x_471_.net1                1.25296e-08
xdut.x2.x_471_.net2                6.26479e-09
xdut.x2._077_                                5
xdut.x2.x_472_.net1                    4.14374
xdut.x2.x_504_.net1                          5
xdut.x2.x_504_.net2                          5
xdut.x2.x_504_.ckp                 2.08524e-08
xdut.x2.x_504_.ckb                           5
xdut.x2.x_504_.net3                    4.14374
xdut.x2.x_504_.qm                  2.60779e-08
xdut.x2.x_504_.net4                          5
xdut.x2._213_                                5
xdut.x2.x_504_.qs                  7.29558e-08
xdut.x2.x_504_.net5                4.95168e-08
xdut.x2.x_504_.net6                   0.034793
xdut.x2._156__row2                 2.05775e-08
xdut.x2.x_505_.net1                    1.34474
xdut.x2.x_505_.net2                8.60377e-08
xdut.x2.x_505_.ckp                 2.08524e-08
xdut.x2.x_505_.ckb                           5
xdut.x2.x_505_.net3                4.30189e-08
xdut.x2.x_505_.qm                            5
xdut.x2.x_505_.net4                2.60779e-08
xdut.x2.x_505_.qs                  9.07633e-08
xdut.x2.x_505_.net5                5.84206e-08
xdut.x2.x_505_.net6                   0.034793
xdut.x2._156__row1                 2.05775e-08
xdut.x2.x_506_.net1                          5
xdut.x2.x_506_.net2                          5
xdut.x2.x_506_.ckp                 2.08524e-08
xdut.x2.x_506_.ckb                           5
xdut.x2.x_506_.net3                    4.14374
xdut.x2.x_506_.qm                  2.60779e-08
xdut.x2.x_506_.net4                          5
xdut.x2.x_506_.qs                  7.29558e-08
xdut.x2.x_506_.net5                4.95168e-08
xdut.x2.x_506_.net6                   0.034793
xdut.x2.x_507_.net1                          5
xdut.x2.x_507_.net2                          5
xdut.x2.x_507_.ckp                 2.08524e-08
xdut.x2.x_507_.ckb                           5
xdut.x2.x_507_.net3                    4.14374
xdut.x2.x_507_.qm                  2.60779e-08
xdut.x2.x_507_.net4                          5
xdut.x2.x_507_.qs                  7.29558e-08
xdut.x2.x_507_.net5                4.95168e-08
xdut.x2.x_507_.net6                   0.034793
xdut.x2.x_508_.net1                          5
xdut.x2.x_508_.net2                          5
xdut.x2.x_508_.ckp                 2.08524e-08
xdut.x2.x_508_.ckb                           5
xdut.x2.x_508_.net3                    4.14374
xdut.x2.x_508_.qm                  2.60779e-08
xdut.x2.x_508_.net4                          5
xdut.x2.x_508_.qs                  7.29558e-08
xdut.x2.x_508_.net5                4.95168e-08
xdut.x2.x_508_.net6                   0.034793
xdut.x2.x_509_.net1                          5
xdut.x2.x_509_.net2                          5
xdut.x2.x_509_.ckp                 2.08524e-08
xdut.x2.x_509_.ckb                           5
xdut.x2.x_509_.net3                    4.14374
xdut.x2.x_509_.qm                  2.60779e-08
xdut.x2.x_509_.net4                          5
xdut.x2.x_509_.qs                  7.29558e-08
xdut.x2.x_509_.net5                4.95168e-08
xdut.x2.x_509_.net6                   0.034793
xdut.x2.x_510_.net1                          5
xdut.x2.x_510_.net2                          5
xdut.x2.x_510_.ckp                 2.08524e-08
xdut.x2.x_510_.ckb                           5
xdut.x2.x_510_.net3                    4.14374
xdut.x2.x_510_.qm                  2.60779e-08
xdut.x2.x_510_.net4                          5
xdut.x2.x_510_.qs                  7.29558e-08
xdut.x2.x_510_.net5                4.95168e-08
xdut.x2.x_510_.net6                   0.034793
xdut.x2.x_511_.net1                          5
xdut.x2.x_511_.net2                          5
xdut.x2.x_511_.ckp                 2.08524e-08
xdut.x2.x_511_.ckb                           5
xdut.x2.x_511_.net3                    4.14374
xdut.x2.x_511_.qm                  2.60779e-08
xdut.x2.x_511_.net4                          5
xdut.x2.x_511_.qs                  7.29558e-08
xdut.x2.x_511_.net5                4.95168e-08
xdut.x2.x_511_.net6                   0.034793
xdut.x2.x_512_.net1                          5
xdut.x2.x_512_.net2                          5
xdut.x2.x_512_.ckp                 2.08524e-08
xdut.x2.x_512_.ckb                           5
xdut.x2.x_512_.net3                    4.14374
xdut.x2.x_512_.qm                  2.60779e-08
xdut.x2.x_512_.net4                          5
xdut.x2._208_                                5
xdut.x2.x_512_.qs                  7.29558e-08
xdut.x2.x_512_.net5                4.95168e-08
xdut.x2.x_512_.net6                   0.034793
xdut.x2.scl_n_row0                 2.05775e-08
xdut.x2.x_513_.net1                          5
xdut.x2.x_513_.net2                          5
xdut.x2.x_513_.ckp                 2.08524e-08
xdut.x2.x_513_.ckb                           5
xdut.x2.x_513_.net3                    4.14374
xdut.x2.x_513_.qm                  2.60779e-08
xdut.x2.x_513_.net4                          5
xdut.x2._207_                                5
xdut.x2.x_513_.qs                  7.29558e-08
xdut.x2.x_513_.net5                4.95168e-08
xdut.x2.x_513_.net6                   0.034793
xdut.x2.x_514_.net1                          5
xdut.x2.x_514_.net2                          5
xdut.x2.x_514_.ckp                 2.08524e-08
xdut.x2.x_514_.ckb                           5
xdut.x2.x_514_.net3                    4.14374
xdut.x2.x_514_.qm                  2.60779e-08
xdut.x2.x_514_.net4                          5
xdut.x2._206_                                5
xdut.x2.x_514_.qs                  7.29558e-08
xdut.x2.x_514_.net5                4.95168e-08
xdut.x2.x_514_.net6                   0.034793
xdut.x2.x_515_.net1                          5
xdut.x2.x_515_.net2                          5
xdut.x2.x_515_.ckp                 2.08524e-08
xdut.x2.x_515_.ckb                           5
xdut.x2.x_515_.net3                    4.14374
xdut.x2.x_515_.qm                  2.60779e-08
xdut.x2.x_515_.net4                          5
xdut.x2._205_                                5
xdut.x2.x_515_.qs                  7.29558e-08
xdut.x2.x_515_.net5                4.95168e-08
xdut.x2.x_515_.net6                   0.034793
xdut.x2.x_516_.net1                          5
xdut.x2.x_516_.net2                          5
xdut.x2.x_516_.ckp                 2.08524e-08
xdut.x2.x_516_.ckb                           5
xdut.x2.x_516_.net3                    4.14374
xdut.x2.x_516_.qm                  2.60779e-08
xdut.x2.x_516_.net4                          5
xdut.x2._204_                                5
xdut.x2.x_516_.qs                  7.29558e-08
xdut.x2.x_516_.net5                4.95168e-08
xdut.x2.x_516_.net6                   0.034793
xdut.x2.scl_n_row2                 2.05775e-08
xdut.x2.x_517_.net1                          5
xdut.x2.x_517_.net2                          5
xdut.x2.x_517_.ckp                 2.08524e-08
xdut.x2.x_517_.ckb                           5
xdut.x2.x_517_.net3                    4.14374
xdut.x2.x_517_.qm                  2.60779e-08
xdut.x2.x_517_.net4                          5
xdut.x2._203_                                5
xdut.x2.x_517_.qs                  7.29558e-08
xdut.x2.x_517_.net5                4.95168e-08
xdut.x2.x_517_.net6                   0.034793
xdut.x2.x_518_.net1                          5
xdut.x2.x_518_.net2                          5
xdut.x2.x_518_.ckp                 2.08524e-08
xdut.x2.x_518_.ckb                           5
xdut.x2.x_518_.net3                    4.14374
xdut.x2.x_518_.qm                  2.60779e-08
xdut.x2.x_518_.net4                          5
xdut.x2._202_                                5
xdut.x2.x_518_.qs                  7.29558e-08
xdut.x2.x_518_.net5                4.95168e-08
xdut.x2.x_518_.net6                   0.034793
xdut.x2.x_519_.net1                          5
xdut.x2.x_519_.net2                          5
xdut.x2.x_519_.ckp                 2.08524e-08
xdut.x2.x_519_.ckb                           5
xdut.x2.x_519_.net3                    4.14374
xdut.x2.x_519_.qm                  2.60779e-08
xdut.x2.x_519_.net4                          5
xdut.x2._217_                                5
xdut.x2.x_519_.qs                  7.29558e-08
xdut.x2.x_519_.net5                4.95168e-08
xdut.x2.x_519_.net6                   0.034793
xdut.x2.x_520_.net1                          5
xdut.x2.x_520_.net2                          5
xdut.x2.x_520_.ckp                 2.08524e-08
xdut.x2.x_520_.ckb                           5
xdut.x2.x_520_.net3                    4.14374
xdut.x2.x_520_.qm                  2.60779e-08
xdut.x2.x_520_.net4                          5
xdut.x2._201_                                5
xdut.x2.x_520_.qs                  7.29558e-08
xdut.x2.x_520_.net5                4.95168e-08
xdut.x2.x_520_.net6                   0.034793
xdut.x2._156__row3                 2.05775e-08
xdut.x2.x_521_.net1                          5
xdut.x2.x_521_.net2                          5
xdut.x2.x_521_.ckp                 2.08524e-08
xdut.x2.x_521_.ckb                           5
xdut.x2.x_521_.net3                    4.14374
xdut.x2.x_521_.qm                  2.60779e-08
xdut.x2.x_521_.net4                          5
xdut.x2._200_                                5
xdut.x2.x_521_.qs                  7.29558e-08
xdut.x2.x_521_.net5                4.95168e-08
xdut.x2.x_521_.net6                   0.034793
xdut.x2.x_522_.net1                          5
xdut.x2.x_522_.net2                          5
xdut.x2.x_522_.ckp                 2.08524e-08
xdut.x2.x_522_.ckb                           5
xdut.x2.x_522_.net3                    4.14374
xdut.x2.x_522_.qm                  2.60779e-08
xdut.x2.x_522_.net4                          5
xdut.x2._199_                                5
xdut.x2.x_522_.qs                  7.29558e-08
xdut.x2.x_522_.net5                4.95168e-08
xdut.x2.x_522_.net6                   0.034793
xdut.x2.x_523_.net1                          5
xdut.x2.x_523_.net2                          5
xdut.x2.x_523_.ckp                 2.08524e-08
xdut.x2.x_523_.ckb                           5
xdut.x2.x_523_.net3                    4.14374
xdut.x2.x_523_.qm                  2.60779e-08
xdut.x2.x_523_.net4                          5
xdut.x2._198_                                5
xdut.x2.x_523_.qs                  7.29558e-08
xdut.x2.x_523_.net5                4.95168e-08
xdut.x2.x_523_.net6                   0.034793
xdut.x2.x_524_.net1                          5
xdut.x2.x_524_.net2                          5
xdut.x2.x_524_.ckp                 2.08524e-08
xdut.x2.x_524_.ckb                           5
xdut.x2.x_524_.net3                    4.14374
xdut.x2.x_524_.qm                  2.60779e-08
xdut.x2.x_524_.net4                          5
xdut.x2._197_                                5
xdut.x2.x_524_.qs                  7.29558e-08
xdut.x2.x_524_.net5                4.95168e-08
xdut.x2.x_524_.net6                   0.034793
xdut.x2.x_525_.net1                          5
xdut.x2.x_525_.net2                          5
xdut.x2.x_525_.ckp                 2.08524e-08
xdut.x2.x_525_.ckb                           5
xdut.x2.x_525_.net3                    4.14374
xdut.x2.x_525_.qm                  2.60779e-08
xdut.x2.x_525_.net4                          5
xdut.x2._196_                                5
xdut.x2.x_525_.qs                  7.29558e-08
xdut.x2.x_525_.net5                4.95168e-08
xdut.x2.x_525_.net6                   0.034793
xdut.x2.x_526_.net1                          5
xdut.x2.x_526_.net2                          5
xdut.x2.x_526_.ckp                 2.08524e-08
xdut.x2.x_526_.ckb                           5
xdut.x2.x_526_.net3                    4.14374
xdut.x2.x_526_.qm                  2.60779e-08
xdut.x2.x_526_.net4                          5
xdut.x2._195_                                5
xdut.x2.x_526_.qs                  7.29558e-08
xdut.x2.x_526_.net5                4.95168e-08
xdut.x2.x_526_.net6                   0.034793
xdut.x2.x_527_.net1                          5
xdut.x2.x_527_.net2                          5
xdut.x2.x_527_.ckp                 2.08524e-08
xdut.x2.x_527_.ckb                           5
xdut.x2.x_527_.net3                    4.14374
xdut.x2.x_527_.qm                  2.60779e-08
xdut.x2.x_527_.net4                          5
xdut.x2._188_                                5
xdut.x2.x_527_.qs                  7.29558e-08
xdut.x2.x_527_.net5                4.95168e-08
xdut.x2.x_527_.net6                   0.034793
xdut.x2.x_528_.net1                          5
xdut.x2.x_528_.net2                          5
xdut.x2.x_528_.ckp                 2.08524e-08
xdut.x2.x_528_.ckb                           5
xdut.x2.x_528_.net3                    4.14374
xdut.x2.x_528_.qm                  2.60779e-08
xdut.x2.x_528_.net4                          5
xdut.x2.x_528_.qs                  7.29558e-08
xdut.x2.x_528_.net5                4.95168e-08
xdut.x2.x_528_.net6                   0.034793
xdut.x2.sda_oe_r                   2.08524e-08
xdut.x2.scl_n_row3                 2.05775e-08
xdut.x2.x_529_.net1                          5
xdut.x2.x_529_.net2                          5
xdut.x2.x_529_.ckp                 2.08524e-08
xdut.x2.x_529_.ckb                           5
xdut.x2.x_529_.net3                    4.14374
xdut.x2.x_529_.qm                  2.60779e-08
xdut.x2.x_529_.net4                          5
xdut.x2._186_                                5
xdut.x2.x_529_.qs                  7.29558e-08
xdut.x2.x_529_.net5                4.95168e-08
xdut.x2.x_529_.net6                   0.034793
xdut.x2.x_530_.net1                    1.34474
xdut.x2.x_530_.net2                8.60377e-08
xdut.x2.x_530_.ckp                 2.08524e-08
xdut.x2.x_530_.ckb                           5
xdut.x2.x_530_.net3                4.30189e-08
xdut.x2.x_530_.qm                            5
xdut.x2.x_530_.net4                2.60779e-08
xdut.x2._192_                                5
xdut.x2.x_530_.qs                  9.07633e-08
xdut.x2.x_530_.net5                5.84206e-08
xdut.x2.x_530_.net6                   0.034793
xdut.x2._156__row0                 2.05775e-08
xdut.x2.x_531_.net1                          5
xdut.x2.x_531_.net2                          5
xdut.x2.x_531_.ckp                 2.08524e-08
xdut.x2.x_531_.ckb                           5
xdut.x2.x_531_.net3                    4.14374
xdut.x2.x_531_.qm                  2.60779e-08
xdut.x2.x_531_.net4                          5
xdut.x2._189_                                5
xdut.x2.x_531_.qs                  7.29558e-08
xdut.x2.x_531_.net5                4.95168e-08
xdut.x2.x_531_.net6                   0.034793
xdut.x2.x_532_.net1                          5
xdut.x2.x_532_.net2                          5
xdut.x2.x_532_.ckp                 2.08524e-08
xdut.x2.x_532_.ckb                           5
xdut.x2.x_532_.net3                    4.14374
xdut.x2.x_532_.qm                  2.60779e-08
xdut.x2.x_532_.net4                          5
xdut.x2._190_                                5
xdut.x2.x_532_.qs                  7.29558e-08
xdut.x2.x_532_.net5                4.95168e-08
xdut.x2.x_532_.net6                   0.034793
xdut.x2.x_533_.net1                          5
xdut.x2.x_533_.net2                          5
xdut.x2.x_533_.ckp                 2.08524e-08
xdut.x2.x_533_.ckb                           5
xdut.x2.x_533_.net3                    4.14374
xdut.x2.x_533_.qm                  2.60779e-08
xdut.x2.x_533_.net4                          5
xdut.x2._193_                                5
xdut.x2.x_533_.qs                  7.29558e-08
xdut.x2.x_533_.net5                4.95168e-08
xdut.x2.x_533_.net6                   0.034793
xdut.x2.x_534_.net1                          5
xdut.x2.x_534_.net2                          5
xdut.x2.x_534_.ckp                 2.08524e-08
xdut.x2.x_534_.ckb                           5
xdut.x2.x_534_.net3                    4.14374
xdut.x2.x_534_.qm                  2.60779e-08
xdut.x2.x_534_.net4                          5
xdut.x2.x_534_.qs                  7.29558e-08
xdut.x2.x_534_.net5                4.95168e-08
xdut.x2.x_534_.net6                   0.034793
xdut.x2.x_535_.net1                          5
xdut.x2.x_535_.net2                          5
xdut.x2.x_535_.ckp                 2.08524e-08
xdut.x2.x_535_.ckb                           5
xdut.x2.x_535_.net3                    4.14374
xdut.x2.x_535_.qm                  2.60779e-08
xdut.x2.x_535_.net4                          5
xdut.x2._218_                                5
xdut.x2.x_535_.qs                  7.29558e-08
xdut.x2.x_535_.net5                4.95168e-08
xdut.x2.x_535_.net6                   0.034793
xdut.x2.x_536_.net1                          5
xdut.x2.x_536_.net2                          5
xdut.x2.x_536_.ckp                 2.08524e-08
xdut.x2.x_536_.ckb                           5
xdut.x2.x_536_.net3                    4.14374
xdut.x2.x_536_.qm                  2.60779e-08
xdut.x2.x_536_.net4                          5
xdut.x2.x_536_.qs                  7.29558e-08
xdut.x2.x_536_.net5                4.95168e-08
xdut.x2.x_536_.net6                   0.034793
xdut.x2.xu_sda_target.sb                     5
xdut.x2.xu_sda_target.net2         5.13295e-08
xdut.x2.xu_sda_target.net3         7.47706e-08
xdut.x2.xu_sda_target.net1         2.78885e-08
xdut.x2.sda_target                           5
xdut.x2.sda_lat_en                           5
xdut.x2.xu_sda_lat_en.net1             4.14374
xdut.x2.sda_target_n               2.05775e-08
xdut.x2.xu_sda_s.net1              8.23099e-08
xdut.x2.s_in                                 5
xdut.x2.xu_sda_s.net2               4.1155e-08
xdut.x2.xu_sda_r.net1                        5
xdut.x2.r_in                       2.05775e-08
xdut.x2.xu_sda_r.net2              6.26479e-09
xdut.x2.xu_sda_q.net1                        5
xdut.x2.qn_sda                      7.8869e-09
xdut.x2.xu_sda_qn.net1                 4.96992
xdut.x2.scl_n                      2.05775e-08
xdut.x2.xu_lat_q.net1                  4.96992
xdut.x2.qn                                   5
xdut.x2.xu_lat_qn.net1                       5
xdut.x2.xu_rst_stretch_q.net1                5
xdut.x2.rst_stretch_qn              7.8869e-09
xdut.x2.xu_rst_stretch_qn.net1         4.96992
xdut.x2.xu_buf_scl_row2.net1       2.05775e-08
xdut.x2.scl_buf                              5
xdut.x2.xu_buf_scl_n_row0.net1               5
xdut.x2.xu_buf_scl_n_row2.net1               5
xdut.x2.xu_buf_scl_n_row3.net1               5
xdut.x2.xu_bufth_scl.mid           4.02692e-08
xdut.x2.xu_bufth_scl.net1              1.27314
xdut.x2.xu_bufth_scl.net2          2.85498e-08
xdut.x2.xu_bufth_sda_in.mid        4.05315e-08
xdut.x2.xu_bufth_sda_in.net1            1.2772
xdut.x2.sda_in_buf                           5
xdut.x2.xu_bufth_sda_in.net2       2.87358e-08
xdut.x2.xu_buf_sda_in_row1.net1     2.05775e-08
xdut.x2.xu_buf_sda_in_row2.net1     2.05775e-08
xdut.x2.xu_buf__156__row0.net1               5
xdut.x2.xu_buf__156__row1.net1               5
xdut.x2.xu_buf__156__row2.net1               5
xdut.x2.xu_buf__156__row3.net1               5
vsda_ctrl#branch                             0
vscl#branch                       -1.04426e-11
vtx7#branch                        2.26037e-10
vtx6#branch                        2.26037e-10
vtx5#branch                       -1.04426e-11
vtx4#branch                       -1.04426e-11
vtx3#branch                       -1.04426e-11
vtx2#branch                       -1.04426e-11
vtx1#branch                        2.26037e-10
vtx0#branch                        2.26037e-10
vdis#branch                       -1.90041e-11
vrstn#branch                       2.26037e-10
vvss#branch                        1.80383e-09
vvdd#branch                       -4.95929e-06

 Reference value :  0.00000e+00 Reference value :  6.95966e-06 Reference value :  1.19708e-05 Reference value :  1.53336e-05 Reference value :  1.70031e-05 Reference value :  2.22598e-05 Reference value :  2.69986e-05 Reference value :  3.22636e-05 Reference value :  3.69790e-05 Reference value :  3.96726e-05 Reference value :  4.22639e-05 Reference value :  4.69772e-05 Reference value :  5.14397e-05 Reference value :  5.69957e-05 Reference value :  6.21165e-05 Reference value :  6.93094e-05 Reference value :  7.69005e-05 Reference value :  7.70002e-05 Reference value :  8.23750e-05 Reference value :  8.95399e-05 Reference value :  9.63638e-05 Reference value :  9.73862e-05 Reference value :  1.02030e-04 Reference value :  1.08320e-04 Reference value :  1.12262e-04 Reference value :  1.16969e-04 Reference value :  1.19711e-04 Reference value :  1.22247e-04 Reference value :  1.26996e-04 Reference value :  1.31993e-04 Reference value :  1.34137e-04 Reference value :  1.41964e-04 Reference value :  1.46969e-04 Reference value :  1.49173e-04 Reference value :  1.52290e-04 Reference value :  1.57218e-04 Reference value :  1.62021e-04 Reference value :  1.66583e-04 Reference value :  1.71987e-04 Reference value :  1.76942e-04 Reference value :  1.81983e-04 Reference value :  1.86982e-04 Reference value :  1.92000e-04 Reference value :  1.92283e-04 Reference value :  2.00086e-04 Reference value :  2.05744e-04 Reference value :  2.16956e-04 Reference value :  2.18073e-04 Reference value :  2.22284e-04 Reference value :  2.26977e-04 Reference value :  2.31579e-04 Reference value :  2.33033e-04 Reference value :  2.41558e-04 Reference value :  2.42290e-04 Reference value :  2.46979e-04 Reference value :  2.49925e-04 Reference value :  2.52270e-04 Reference value :  2.56984e-04 Reference value :  2.61592e-04 Reference value :  2.66969e-04 Reference value :  2.67045e-04 Reference value :  2.72076e-04 Reference value :  2.78659e-04 Reference value :  2.86907e-04 Reference value :  2.87002e-04 Reference value :  2.91988e-04 Reference value :  2.92300e-04 Reference value :  2.96987e-04 Reference value :  2.98734e-04 Reference value :  3.06938e-04 Reference value :  3.07009e-04 Reference value :  3.11973e-04 Reference value :  3.16907e-04 Reference value :  3.17007e-04 Reference value :  3.22009e-04 Reference value :  3.28029e-04 Reference value :  3.32030e-04 Reference value :  3.36977e-04 Reference value :  3.38743e-04 Reference value :  3.42002e-04 Reference value :  3.47465e-04 Reference value :  3.52975e-04 Reference value :  3.56986e-04 Reference value :  3.61224e-04 Reference value :  3.62184e-04 Reference value :  3.66991e-04 Reference value :  3.70288e-04 Reference value :  3.76969e-04 Reference value :  3.77008e-04 Reference value :  3.82675e-04 Reference value :  3.86993e-04 Reference value :  3.91427e-04 Reference value :  3.92028e-04 Reference value :  3.96984e-04 Reference value :  3.99267e-04 Reference value :  4.02252e-04 Reference value :  4.06908e-04 Reference value :  4.12002e-04 Reference value :  4.20675e-04 Reference value :  4.26973e-04 Reference value :  4.30566e-04 Reference value :  4.36928e-04 Reference value :  4.41992e-04 Reference value :  4.46985e-04 Reference value :  4.51962e-04 Reference value :  4.54072e-04 Reference value :  4.56999e-04 Reference value :  4.61993e-04 Reference value :  4.64980e-04 Reference value :  4.66999e-04 Reference value :  4.72575e-04 Reference value :  4.78974e-04 Reference value :  4.85275e-04 Reference value :  4.86999e-04 Reference value :  4.92284e-04 Reference value :  4.96982e-04 Reference value :  5.02258e-04 Reference value :  5.06984e-04 Reference value :  5.11981e-04 Reference value :  5.13821e-04 Reference value :  5.21917e-04 Reference value :  5.22263e-04 Reference value :  5.26970e-04 Reference value :  5.30901e-04 Reference value :  5.36293e-04
No. of Data Rows : 17590

  Measurements for Transient Analysis

busy_after_start    =  5.00000e+00
ack_addr_write      =  4.44619e-02
addr_match_write    =  5.00000e+00
rw_write            =  2.05337e-08
ack_data            =  4.44619e-02
rx_data_bit0        =  5.00000e+00
rx_data_bit1        =  2.08529e-08
rx_data_bit2        =  5.00000e+00
rx_data_bit3        =  2.08529e-08
rx_data_bit4        =  2.08529e-08
rx_data_bit5        =  5.00000e+00
rx_data_bit6        =  2.08529e-08
rx_data_bit7        =  5.00000e+00
busy_after_stop1    =  6.46899e-08
ack_addr_read       =  4.44619e-02
rw_read             =  5.00000e+00
read_byte_bit0      =  4.44619e-02
read_byte_bit1      =  4.44619e-02
read_byte_bit2      =  4.95050e+00
read_byte_bit3      =  4.95050e+00
read_byte_bit4      =  4.95050e+00
read_byte_bit5      =  4.95050e+00
read_byte_bit6      =  4.44619e-02
read_byte_bit7      =  4.44619e-02
busy_after_stop2    =  6.46904e-08
nack_wrong_addr     =  4.95050e+00
addr_match_wrong    =  2.17924e-08
busy_after_stop3    =  6.46897e-08
rxe_i7_pre50n_sel_087=  5.00000e+00
rxe_i7_pre50n_last_bit_pending=  4.94018e-08
rxe_i7_pre50n_shreg_0=  1.96204e-08
rxe_i7_pre50n_shreg_1=  2.09917e-08
rxe_i7_pre50n_shreg_2=  -1.91826e-07
rxe_i7_pre50n_shreg_3=  1.94865e-08
rxe_i7_pre50n_shreg_4=  3.18392e-08
rxe_i7_pre50n_shreg_5=  -4.01134e-07
rxe_i7_pre50n_shreg_6=  5.00000e+00
rxe_i7_pre50n_sda_in_row2=  5.00000e+00
rxe_i7_pre50n_scl_row2=  -6.31736e-08
rxe_i7_post50n_sel_087=  5.00000e+00
rxe_i7_post50n_last_bit_pending=  4.92439e-08
rxe_i7_post50n_shreg_0=  5.00000e+00
rxe_i7_post50n_shreg_1=  -1.96887e-06
rxe_i7_post50n_shreg_2=  -4.04533e-05
rxe_i7_post50n_shreg_3=  -1.96306e-06
rxe_i7_post50n_shreg_4=  -3.44696e-09
rxe_i7_post50n_shreg_5=  -8.10624e-05
rxe_i7_post50n_shreg_6=  5.25630e-08
rxe_i7_post50n_sda_in_row2=  5.00000e+00
rxe_i7_post50n_scl_row2=  5.00000e+00
rxe_i7_post500n_sel_087=  5.00000e+00
rxe_i7_post500n_last_bit_pending=  4.78357e-08
rxe_i7_post500n_shreg_0=  5.00000e+00
rxe_i7_post500n_shreg_1=  -1.69489e-06
rxe_i7_post500n_shreg_2=  -4.43779e-06
rxe_i7_post500n_shreg_3=  -1.69064e-06
rxe_i7_post500n_shreg_4=  4.64244e-09
rxe_i7_post500n_shreg_5=  -8.93136e-06
rxe_i7_post500n_shreg_6=  4.33445e-08
rxe_i7_post500n_sda_in_row2=  5.00000e+00
rxe_i7_post500n_scl_row2=  5.00000e+00
rxe_i6_pre50n_sel_087=  5.00000e+00
rxe_i6_pre50n_last_bit_pending=  3.34713e-08
rxe_i6_pre50n_shreg_0=  5.00000e+00
rxe_i6_pre50n_shreg_1=  -4.35112e-07
rxe_i6_pre50n_shreg_2=  -1.88509e-07
rxe_i6_pre50n_shreg_3=  -4.36635e-07
rxe_i6_pre50n_shreg_4=  3.01562e-08
rxe_i6_pre50n_shreg_5=  -3.94008e-07
rxe_i6_pre50n_shreg_6=  2.08537e-08
rxe_i6_pre50n_sda_in_row2=  1.43524e-07
rxe_i6_pre50n_scl_row2=  -1.37036e-09
rxe_i6_post50n_sel_087=  5.00000e+00
rxe_i6_post50n_last_bit_pending=  3.37483e-08
rxe_i6_post50n_shreg_0=  1.87433e-07
rxe_i6_post50n_shreg_1=  4.99997e+00
rxe_i6_post50n_shreg_2=  -1.86436e-07
rxe_i6_post50n_shreg_3=  -6.77485e-08
rxe_i6_post50n_shreg_4=  1.93345e-08
rxe_i6_post50n_shreg_5=  -3.92319e-07
rxe_i6_post50n_shreg_6=  2.13573e-08
rxe_i6_post50n_sda_in_row2=  5.62279e-06
rxe_i6_post50n_scl_row2=  5.00003e+00
rxe_i6_post500n_sel_087=  5.00000e+00
rxe_i6_post500n_last_bit_pending=  3.27774e-08
rxe_i6_post500n_shreg_0=  1.63152e-07
rxe_i6_post500n_shreg_1=  5.00000e+00
rxe_i6_post500n_shreg_2=  -1.77852e-07
rxe_i6_post500n_shreg_3=  1.57292e-08
rxe_i6_post500n_shreg_4=  1.86670e-08
rxe_i6_post500n_shreg_5=  -3.74830e-07
rxe_i6_post500n_shreg_6=  2.05593e-08
rxe_i6_post500n_sda_in_row2=  6.57202e-07
rxe_i6_post500n_scl_row2=  5.00000e+00
rxe_i5_pre50n_sel_087=  5.00000e+00
rxe_i5_pre50n_last_bit_pending=  2.82138e-08
rxe_i5_pre50n_shreg_0=  8.37940e-08
rxe_i5_pre50n_shreg_1=  5.00000e+00
rxe_i5_pre50n_shreg_2=  -8.19797e-08
rxe_i5_pre50n_shreg_3=  1.95630e-08
rxe_i5_pre50n_shreg_4=  2.89271e-08
rxe_i5_pre50n_shreg_5=  -1.80603e-07
rxe_i5_pre50n_shreg_6=  2.08547e-08
rxe_i5_pre50n_sda_in_row2=  5.00000e+00
rxe_i5_pre50n_scl_row2=  2.35503e-08
rxe_i5_post50n_sel_087=  5.00000e+00
rxe_i5_post50n_last_bit_pending=  2.85621e-08
rxe_i5_post50n_shreg_0=  5.00000e+00
rxe_i5_post50n_shreg_1=  3.09584e-08
rxe_i5_post50n_shreg_2=  5.00000e+00
rxe_i5_post50n_shreg_3=  2.70809e-08
rxe_i5_post50n_shreg_4=  2.09001e-08
rxe_i5_post50n_shreg_5=  2.98626e-08
rxe_i5_post50n_shreg_6=  2.09007e-08
rxe_i5_post50n_sda_in_row2=  5.00000e+00
rxe_i5_post50n_scl_row2=  5.00000e+00
rxe_i5_post500n_sel_087=  5.00000e+00
rxe_i5_post500n_last_bit_pending=  2.71739e-08
rxe_i5_post500n_shreg_0=  5.00000e+00
rxe_i5_post500n_shreg_1=  -4.53229e-09
rxe_i5_post500n_shreg_2=  5.00000e+00
rxe_i5_post500n_shreg_3=  8.72913e-10
rxe_i5_post500n_shreg_4=  1.31835e-08
rxe_i5_post500n_shreg_5=  2.47758e-08
rxe_i5_post500n_shreg_6=  2.09239e-08
rxe_i5_post500n_sda_in_row2=  5.00000e+00
rxe_i5_post500n_scl_row2=  5.00000e+00
rxe_i4_pre50n_sel_087=  5.00000e+00
rxe_i4_pre50n_last_bit_pending=  2.55982e-08
rxe_i4_pre50n_shreg_0=  5.00000e+00
rxe_i4_pre50n_shreg_1=  8.52851e-08
rxe_i4_pre50n_shreg_2=  5.00000e+00
rxe_i4_pre50n_shreg_3=  2.11486e-08
rxe_i4_pre50n_shreg_4=  2.79913e-08
rxe_i4_pre50n_shreg_5=  3.17159e-08
rxe_i4_pre50n_shreg_6=  2.08535e-08
rxe_i4_pre50n_sda_in_row2=  1.43346e-07
rxe_i4_pre50n_scl_row2=  -4.20075e-09
rxe_i4_post50n_sel_087=  5.00000e+00
rxe_i4_post50n_last_bit_pending=  2.51962e-08
rxe_i4_post50n_shreg_0=  8.68558e-08
rxe_i4_post50n_shreg_1=  4.99998e+00
rxe_i4_post50n_shreg_2=  2.81499e-05
rxe_i4_post50n_shreg_3=  5.00000e+00
rxe_i4_post50n_shreg_4=  6.49862e-08
rxe_i4_post50n_shreg_5=  -5.25809e-06
rxe_i4_post50n_shreg_6=  2.90416e-08
rxe_i4_post50n_sda_in_row2=  5.74421e-06
rxe_i4_post50n_scl_row2=  5.00003e+00
rxe_i4_post500n_sel_087=  5.00000e+00
rxe_i4_post500n_last_bit_pending=  2.59746e-08
rxe_i4_post500n_shreg_0=  -5.53477e-08
rxe_i4_post500n_shreg_1=  5.00000e+00
rxe_i4_post500n_shreg_2=  3.53960e-06
rxe_i4_post500n_shreg_3=  5.00000e+00
rxe_i4_post500n_shreg_4=  -3.18593e-08
rxe_i4_post500n_shreg_5=  -5.99266e-07
rxe_i4_post500n_shreg_6=  1.61651e-08
rxe_i4_post500n_sda_in_row2=  6.34927e-07
rxe_i4_post500n_scl_row2=  5.00000e+00
rxe_i3_pre50n_sel_087=  5.00000e+00
rxe_i3_pre50n_last_bit_pending=  2.40403e-08
rxe_i3_pre50n_shreg_0=  1.88648e-08
rxe_i3_pre50n_shreg_1=  5.00000e+00
rxe_i3_pre50n_shreg_2=  9.00041e-09
rxe_i3_pre50n_shreg_3=  5.00000e+00
rxe_i3_pre50n_shreg_4=  2.72900e-08
rxe_i3_pre50n_shreg_5=  -1.28650e-07
rxe_i3_pre50n_shreg_6=  2.08658e-08
rxe_i3_pre50n_sda_in_row2=  5.06278e-08
rxe_i3_pre50n_scl_row2=  -6.44585e-08
rxe_i3_post50n_sel_087=  5.00000e+00
rxe_i3_post50n_last_bit_pending=  5.01473e-08
rxe_i3_post50n_shreg_0=  2.12896e-08
rxe_i3_post50n_shreg_1=  2.23240e-07
rxe_i3_post50n_shreg_2=  5.00000e+00
rxe_i3_post50n_shreg_3=  2.20194e-07
rxe_i3_post50n_shreg_4=  5.00000e+00
rxe_i3_post50n_shreg_5=  -6.77516e-08
rxe_i3_post50n_shreg_6=  2.31514e-08
rxe_i3_post50n_sda_in_row2=  1.75452e-07
rxe_i3_post50n_scl_row2=  5.00000e+00
rxe_i3_post500n_sel_087=  5.00000e+00
rxe_i3_post500n_last_bit_pending=  2.48912e-08
rxe_i3_post500n_shreg_0=  1.86355e-08
rxe_i3_post500n_shreg_1=  1.65673e-07
rxe_i3_post500n_shreg_2=  5.00000e+00
rxe_i3_post500n_shreg_3=  1.62992e-07
rxe_i3_post500n_shreg_4=  5.00000e+00
rxe_i3_post500n_shreg_5=  2.41011e-08
rxe_i3_post500n_shreg_6=  2.08770e-08
rxe_i3_post500n_sda_in_row2=  1.46157e-07
rxe_i3_post500n_scl_row2=  5.00000e+00
rxe_i2_pre50n_sel_087=  5.00000e+00
rxe_i2_pre50n_last_bit_pending=  2.29955e-08
rxe_i2_pre50n_shreg_0=  1.88272e-08
rxe_i2_pre50n_shreg_1=  3.12213e-08
rxe_i2_pre50n_shreg_2=  5.00000e+00
rxe_i2_pre50n_shreg_3=  3.12873e-08
rxe_i2_pre50n_shreg_4=  5.00000e+00
rxe_i2_pre50n_shreg_5=  3.43272e-08
rxe_i2_pre50n_shreg_6=  2.08461e-08
rxe_i2_pre50n_sda_in_row2=  5.00000e+00
rxe_i2_pre50n_scl_row2=  -6.50937e-08
rxe_i2_post50n_sel_087=  5.00000e+00
rxe_i2_post50n_last_bit_pending=  2.32811e-08
rxe_i2_post50n_shreg_0=  5.00001e+00
rxe_i2_post50n_shreg_1=  -6.35221e-05
rxe_i2_post50n_shreg_2=  -2.72198e-05
rxe_i2_post50n_shreg_3=  4.99998e+00
rxe_i2_post50n_shreg_4=  2.52054e-08
rxe_i2_post50n_shreg_5=  4.99999e+00
rxe_i2_post50n_shreg_6=  2.20667e-08
rxe_i2_post50n_sda_in_row2=  5.00000e+00
rxe_i2_post50n_scl_row2=  5.00000e+00
rxe_i2_post500n_sel_087=  5.00000e+00
rxe_i2_post500n_last_bit_pending=  2.33609e-08
rxe_i2_post500n_shreg_0=  5.00000e+00
rxe_i2_post500n_shreg_1=  -9.06100e-06
rxe_i2_post500n_shreg_2=  -4.06552e-06
rxe_i2_post500n_shreg_3=  5.00000e+00
rxe_i2_post500n_shreg_4=  2.65180e-08
rxe_i2_post500n_shreg_5=  5.00000e+00
rxe_i2_post500n_shreg_6=  2.21030e-08
rxe_i2_post500n_sda_in_row2=  5.00000e+00
rxe_i2_post500n_scl_row2=  5.00000e+00
rxe_i1_pre50n_sel_087=  5.00000e+00
rxe_i1_pre50n_last_bit_pending=  2.22736e-08
rxe_i1_pre50n_shreg_0=  5.00000e+00
rxe_i1_pre50n_shreg_1=  -5.39963e-07
rxe_i1_pre50n_shreg_2=  -1.83257e-07
rxe_i1_pre50n_shreg_3=  5.00000e+00
rxe_i1_pre50n_shreg_4=  2.01763e-08
rxe_i1_pre50n_shreg_5=  5.00000e+00
rxe_i1_pre50n_shreg_6=  2.08539e-08
rxe_i1_pre50n_sda_in_row2=  1.43476e-07
rxe_i1_pre50n_scl_row2=  -4.82151e-09
rxe_i1_post50n_sel_087=  -2.21357e-05
rxe_i1_post50n_last_bit_pending=  5.00000e+00
rxe_i1_post50n_shreg_0=  7.26485e-09
rxe_i1_post50n_shreg_1=  5.00000e+00
rxe_i1_post50n_shreg_2=  5.37616e-09
rxe_i1_post50n_shreg_3=  6.90040e-09
rxe_i1_post50n_shreg_4=  5.00000e+00
rxe_i1_post50n_shreg_5=  7.23743e-09
rxe_i1_post50n_shreg_6=  5.00000e+00
rxe_i1_post50n_sda_in_row2=  6.06868e-06
rxe_i1_post50n_scl_row2=  5.00003e+00
rxe_i1_post500n_sel_087=  1.57440e-06
rxe_i1_post500n_last_bit_pending=  5.00000e+00
rxe_i1_post500n_shreg_0=  5.25425e-08
rxe_i1_post500n_shreg_1=  5.00000e+00
rxe_i1_post500n_shreg_2=  4.48020e-08
rxe_i1_post500n_shreg_3=  7.36166e-08
rxe_i1_post500n_shreg_4=  5.00000e+00
rxe_i1_post500n_shreg_5=  3.94981e-08
rxe_i1_post500n_shreg_6=  5.00000e+00
rxe_i1_post500n_sda_in_row2=  6.62727e-07
rxe_i1_post500n_scl_row2=  5.00000e+00
rxe_i0_pre50n_sel_087=  2.05312e-07
rxe_i0_pre50n_last_bit_pending=  5.00000e+00
rxe_i0_pre50n_shreg_0=  1.86387e-08
rxe_i0_pre50n_shreg_1=  5.00000e+00
rxe_i0_pre50n_shreg_2=  2.04436e-08
rxe_i0_pre50n_shreg_3=  1.86380e-08
rxe_i0_pre50n_shreg_4=  5.00000e+00
rxe_i0_pre50n_shreg_5=  1.86389e-08
rxe_i0_pre50n_shreg_6=  5.00000e+00
rxe_i0_pre50n_sda_in_row2=  5.00000e+00
rxe_i0_pre50n_scl_row2=  4.73251e-08
rxe_i0_post50n_sel_087=  5.00000e+00
rxe_i0_post50n_last_bit_pending=  2.97027e-08
rxe_i0_post50n_shreg_0=  5.00000e+00
rxe_i0_post50n_shreg_1=  -1.27457e-08
rxe_i0_post50n_shreg_2=  5.00000e+00
rxe_i0_post50n_shreg_3=  7.36841e-10
rxe_i0_post50n_shreg_4=  2.24324e-08
rxe_i0_post50n_shreg_5=  5.00000e+00
rxe_i0_post50n_shreg_6=  7.35794e-08
rxe_i0_post50n_sda_in_row2=  5.00000e+00
rxe_i0_post50n_scl_row2=  5.00000e+00
rxe_i0_post500n_sel_087=  5.00000e+00
rxe_i0_post500n_last_bit_pending=  2.09344e-08
rxe_i0_post500n_shreg_0=  5.00000e+00
rxe_i0_post500n_shreg_1=  1.75498e-08
rxe_i0_post500n_shreg_2=  5.00000e+00
rxe_i0_post500n_shreg_3=  1.85667e-08
rxe_i0_post500n_shreg_4=  2.05437e-08
rxe_i0_post500n_shreg_5=  5.00000e+00
rxe_i0_post500n_shreg_6=  2.82495e-08
rxe_i0_post500n_sda_in_row2=  5.00000e+00
rxe_i0_post500n_scl_row2=  5.00000e+00
rxdiag_shreg_0      =  2.10456e-08
rxdiag_shreg_1      =  5.00000e+00
rxdiag_shreg_2      =  -2.83290e-07
rxdiag_shreg_3      =  5.00000e+00
rxdiag_shreg_4      =  6.01377e-08
rxdiag_shreg_5      =  -5.88947e-07
rxdiag_shreg_6      =  5.00000e+00
rxdiag_sda_in_row2  =  2.80908e-07
rxdiag_nc_out3      =  5.00000e+00
rxdiag_nc_out4      =  2.08529e-08
rxdiag_nc_out5      =  5.00000e+00
rxdiag_nc_out6      =  2.08529e-08
rxdiag_nc_out11     =  5.00000e+00
rxdiag_nc_out12     =  2.08529e-08
rxdiag_nc_out13     =  5.00000e+00
rxdiag_nc_out14     =  2.08529e-08
stop1_busy_m500n    =  5.00000e+00
stop1_busy_clr_m500n=  8.33271e-08
stop1_qn_m500n      =  -4.04475e-09
stop1_scl_row2_m500n=  5.00000e+00
stop1_sda_in_row2_m500n=  8.11081e-08
stop1_sda_d_m500n   =  1.51608e-08
stop1_busy_m100n    =  5.00000e+00
stop1_busy_clr_m100n=  8.06586e-08
stop1_qn_m100n      =  7.29207e-08
stop1_scl_row2_m100n=  5.00000e+00
stop1_sda_in_row2_m100n=  9.83859e-08
stop1_sda_d_m100n   =  3.61771e-08
stop1_busy_m50n     =  5.00000e+00
stop1_busy_clr_m50n =  8.23072e-08
stop1_qn_m50n       =  2.06702e-08
stop1_scl_row2_m50n =  5.00000e+00
stop1_sda_in_row2_m50n=  8.26914e-08
stop1_sda_d_m50n    =  2.06058e-08
stop1_busy_m20n     =  5.00000e+00
stop1_busy_clr_m20n =  7.63066e-08
stop1_qn_m20n       =  1.95095e-08
stop1_scl_row2_m20n =  5.00000e+00
stop1_sda_in_row2_m20n=  -1.08347e-06
stop1_sda_d_m20n    =  2.01964e-08
stop1_busy_m10n     =  4.96364e+00
stop1_busy_clr_m10n =  4.47985e-01
stop1_qn_m10n       =  -1.28989e-03
stop1_scl_row2_m10n =  4.97780e+00
stop1_sda_in_row2_m10n=  3.14997e+00
stop1_sda_d_m10n    =  -3.60819e-04
stop1_busy_m5n      =  2.98638e+00
stop1_busy_clr_m5n  =  4.26876e+00
stop1_qn_m5n        =  4.22621e-02
stop1_scl_row2_m5n  =  4.99596e+00
stop1_sda_in_row2_m5n=  5.30291e+00
stop1_sda_d_m5n     =  3.94363e-04
stop1_busy_evt      =  2.45443e-02
stop1_busy_clr_evt  =  4.99831e+00
stop1_qn_evt        =  4.93040e+00
stop1_scl_row2_evt  =  5.01094e+00
stop1_sda_in_row2_evt=  4.99914e+00
stop1_sda_d_evt     =  -3.56625e-02
stop1_busy_p5n      =  8.69673e-04
stop1_busy_clr_p5n  =  5.06304e+00
stop1_qn_p5n        =  5.00005e+00
stop1_scl_row2_p5n  =  4.99368e+00
stop1_sda_in_row2_p5n=  5.00336e+00
stop1_sda_d_p5n     =  4.07391e+00
stop1_busy_p10n     =  -8.98944e-03
stop1_busy_clr_p10n =  1.53404e-01
stop1_qn_p10n       =  5.00685e+00
stop1_scl_row2_p10n =  5.00060e+00
stop1_sda_in_row2_p10n=  4.99931e+00
stop1_sda_d_p10n    =  4.98427e+00
stop1_busy_p20n     =  1.30336e-05
stop1_busy_clr_p20n =  -1.11207e-05
stop1_qn_p20n       =  4.99999e+00
stop1_scl_row2_p20n =  5.00005e+00
stop1_sda_in_row2_p20n=  4.99991e+00
stop1_sda_d_p20n    =  5.00001e+00
stop1_busy_p50n     =  4.37496e-06
stop1_busy_clr_p50n =  -9.94604e-06
stop1_qn_p50n       =  5.00000e+00
stop1_scl_row2_p50n =  5.00002e+00
stop1_sda_in_row2_p50n=  4.99998e+00
stop1_sda_d_p50n    =  5.00000e+00
stop1_busy_p100n    =  1.60200e-06
stop1_busy_clr_p100n=  -9.97771e-06
stop1_qn_p100n      =  5.00000e+00
stop1_scl_row2_p100n=  5.00001e+00
stop1_sda_in_row2_p100n=  4.99999e+00
stop1_sda_d_p100n   =  5.00000e+00
stop1_busy_p500n    =  1.37376e-06
stop1_busy_clr_p500n=  8.12903e-06
stop1_qn_p500n      =  5.00000e+00
stop1_scl_row2_p500n=  5.00000e+00
stop1_sda_in_row2_p500n=  5.00000e+00
stop1_sda_d_p500n   =  5.00000e+00
stop1_busy_p1u      =  7.52477e-07
stop1_busy_clr_p1u  =  7.50336e-06
stop1_qn_p1u        =  5.00000e+00
stop1_scl_row2_p1u  =  5.00000e+00
stop1_sda_in_row2_p1u=  5.00000e+00
stop1_sda_d_p1u     =  5.00000e+00
stop1_busy_p2u      =  3.78153e-07
stop1_busy_clr_p2u  =  6.71216e-06
stop1_qn_p2u        =  5.00000e+00
stop1_scl_row2_p2u  =  5.00000e+00
stop1_sda_in_row2_p2u=  5.00000e+00
stop1_sda_d_p2u     =  5.00000e+00
stop1_busy_p5u      =  -5.99390e-08
stop1_busy_clr_p5u  =  -6.82694e-06
stop1_qn_p5u        =  5.00000e+00
stop1_scl_row2_p5u  =  5.00000e+00
stop1_sda_in_row2_p5u=  5.00000e+00
stop1_sda_d_p5u     =  5.00000e+00


Total analysis time (seconds) = 63.1998

Total elapsed time (seconds) = 63.451 

Total DRAM available = 65536.000 MB.
DRAM currently available =  732.938 MB.
Maximum ngspice program size =  281.844 MB.
Current ngspice program size =  281.844 MB.

